player_id,player_name,format,matches,innings_batted,runs,balls_faced,fours,sixes,times_out,innings_bowled,balls_bowled,runs_conceded,wickets,maidens,catches,run_outs,stumpings,player_of_match_count,batting_avg,strike_rate,bowling_avg,economy
004c9e85,PJ Hughes,ODI,25,24,826,1118,91,5,23,0,0,0,0,0,5,1,0,2,35.91304347826087,73.8819320214669,,
008589a4,CM Wright,ODI,7,6,81,145,4,1,5,7,306,228,8,9,1,0,0,0,16.2,55.86206896551724,28.5,4.470588235294118
00d69fa4,SO Tikolo,ODI,39,38,705,1097,75,6,35,26,1069,902,26,6,16,0,0,0,20.142857142857142,64.26618049225159,34.69230769230769,5.062675397567821
00ea847a,MA Agarwal,ODI,5,5,86,91,12,1,5,1,6,10,0,0,2,0,0,0,17.2,94.5054945054945,,10.0
00ea9791,HP Tillakaratne,ODI,16,13,332,562,28,0,11,0,0,0,0,0,10,0,0,0,30.181818181818183,59.07473309608541,,
012829ff,JW Hastings,ODI,29,18,271,281,29,8,10,29,1486,1256,42,8,5,1,0,1,27.1,96.44128113879003,29.904761904761905,5.071332436069986
0164b064,MG Neser,ODI,4,4,11,29,0,0,4,4,220,239,3,2,1,0,0,0,2.75,37.93103448275862,79.66666666666667,6.5181818181818185
016e5101,M Shezi,ODI,1,0,0,0,0,0,0,1,36,8,1,2,0,0,0,0,,,8.0,1.3333333333333333
017faef2,Z Groenewald,ODI,3,2,4,19,0,0,1,3,150,110,6,2,1,0,0,0,4.0,21.052631578947366,18.333333333333332,4.4
0184dc35,R Dravid,ODI,127,118,3723,5220,348,17,98,0,0,0,0,0,76,4,5,5,37.98979591836735,71.32183908045977,,
0226b73a,Imran Haider,ODI,17,12,54,127,2,0,6,17,805,714,28,5,3,1,0,1,9.0,42.51968503937008,25.5,5.321739130434783
023f6b02,Nadeem Ahmed,ODI,17,11,55,132,5,0,9,17,882,647,25,12,7,1,0,0,6.111111111111111,41.66666666666667,25.88,4.401360544217687
024a173d,J Nyumbu,ODI,17,13,45,90,1,1,9,16,796,687,17,3,7,2,0,0,5.0,50.0,40.411764705882355,5.178391959798995
024fe464,PD McGlashan,ODI,4,2,63,53,6,1,1,0,0,0,0,0,7,0,0,0,63.0,118.86792452830188,,
02789d88,Shamsur Rahman,ODI,9,9,266,357,23,9,9,1,6,13,0,0,3,0,0,1,29.555555555555557,74.50980392156863,,13.0
02802468,Ali Nadeem,ODI,6,6,134,215,13,3,6,0,0,0,0,0,8,0,0,0,22.333333333333332,62.32558139534884,,
02e83ac5,Naeem Islam,ODI,51,45,842,1246,73,12,31,41,1393,1144,32,6,15,2,0,1,27.161290322580644,67.57624398073835,35.75,4.927494615936827
03252e44,PA Jaques,ODI,5,5,123,170,16,1,5,0,0,0,0,0,2,0,0,0,24.6,72.35294117647058,,
034b4b7d,VRV Singh,ODI,2,1,8,13,1,0,1,2,72,105,0,0,3,0,0,0,8.0,61.53846153846154,,8.75
03521fd3,HM Nicholls,ODI,92,90,2415,3143,227,19,74,0,0,0,0,0,38,5,0,2,32.63513513513514,76.83741648106904,,
035cb925,AG Prince,ODI,42,33,761,1126,50,4,25,1,12,3,0,0,19,5,0,1,30.44,67.58436944937833,,1.5
03806cf8,JR Hazlewood,ODI,94,33,135,169,14,3,9,93,4876,3864,138,64,27,0,0,2,15.0,79.88165680473372,28.0,4.754716981132075
03ce169b,Faisal Athar,ODI,1,1,9,39,1,0,1,0,0,0,0,0,0,0,0,0,9.0,23.076923076923077,,
03d3dd8e,AF Buurman,ODI,3,2,26,34,4,0,2,0,0,0,0,0,5,0,0,0,13.0,76.47058823529412,,
04029c44,Munir Dar,ODI,2,2,18,17,4,0,2,2,108,89,0,1,0,1,0,0,9.0,105.88235294117648,,4.944444444444445
0404d43c,Liton Das,ODI,94,93,2478,2964,256,46,86,0,0,0,0,0,71,3,5,4,28.813953488372093,83.60323886639675,,
047945ae,BO van Rooi,ODI,3,3,26,39,3,0,1,3,120,119,1,0,0,0,0,0,26.0,66.66666666666666,119.0,5.95
047c67ba,Saqlain Mushtaq,ODI,4,4,17,39,2,0,1,4,160,129,4,1,0,0,0,0,17.0,43.58974358974359,32.25,4.8374999999999995
047d9032,JJ Krejza,ODI,8,2,13,25,0,0,1,8,425,331,7,0,2,1,0,0,13.0,52.0,47.285714285714285,4.672941176470588
0480aba6,Enamul Haque jnr,ODI,9,3,8,16,0,0,4,9,515,369,14,2,3,0,0,0,2.0,50.0,26.357142857142858,4.2990291262135925
04a418e8,R Parag,ODI,1,1,15,13,2,0,1,1,54,54,3,0,0,0,0,0,15.0,115.38461538461537,18.0,6.0
04d6d2e6,R Appidi,ODI,1,0,0,0,0,0,0,1,54,75,1,0,0,0,0,0,,,75.0,8.333333333333334
04f4f2e1,Saqib Ali,ODI,2,2,29,53,2,0,2,2,60,57,1,0,0,0,0,0,14.5,54.71698113207547,57.0,5.7
053f3ce3,D Ravu,ODI,16,13,128,193,9,4,9,15,576,496,8,3,1,2,0,0,14.222222222222221,66.32124352331607,62.0,5.166666666666667
0557a636,RT Crandon,ODI,1,1,5,9,1,0,1,0,0,0,0,0,0,0,0,0,5.0,55.55555555555556,,
056f58dd,KC Hodsoll,ODI,1,1,2,6,0,0,0,1,30,28,1,0,0,0,0,0,,33.33333333333333,28.0,5.6
05b1aef8,NG Smith,ODI,21,15,115,176,7,0,11,21,817,859,25,5,12,1,0,0,10.454545454545455,65.3409090909091,34.36,6.308445532435741
05c2ca46,RE van der Merwe,ODI,45,31,334,385,22,8,23,44,2224,1680,53,6,14,2,0,0,14.521739130434783,86.75324675324674,31.69811320754717,4.532374100719424
05d74535,Saeed Ajmal,ODI,108,66,323,539,25,0,46,107,5748,4048,175,49,13,3,0,0,7.021739130434782,59.92578849721707,23.13142857142857,4.225469728601253
05da443b,Adnan Akmal,ODI,5,4,62,92,3,0,3,0,0,0,0,0,3,3,0,0,20.666666666666668,67.3913043478261,,
05de1a5a,GC Wilson,ODI,61,57,1232,1653,105,14,49,0,0,0,0,0,38,0,5,1,25.142857142857142,74.53115547489413,,
05e0fab5,CS Martin,ODI,11,1,2,3,0,0,0,10,510,407,7,10,4,0,0,0,,66.66666666666666,58.142857142857146,4.788235294117647
05f96194,MA Jones,ODI,16,14,385,582,36,3,14,0,0,0,0,0,4,0,0,0,27.5,66.1512027491409,,
0604ef16,SB Bangar,ODI,3,3,8,19,1,0,3,3,66,60,0,0,0,0,0,0,2.6666666666666665,42.10526315789473,,5.454545454545454
0605de92,HD Rutherford,ODI,4,4,15,56,2,0,4,0,0,0,0,0,2,0,0,0,3.75,26.785714285714285,,
068c47d2,JJ Davidson,ODI,8,4,38,34,3,0,0,8,402,403,13,2,3,0,0,0,,111.76470588235294,31.0,6.014925373134329
06a9d298,A Patel,ODI,2,1,25,30,3,0,1,2,60,73,3,0,0,0,0,0,25.0,83.33333333333334,24.333333333333332,7.3
06c2de82,L Gregory,ODI,3,2,117,116,10,3,2,3,114,97,4,1,0,0,0,1,58.5,100.86206896551724,24.25,5.105263157894737
06cad4f0,A Sharafu,ODI,28,26,433,616,43,10,26,1,12,12,0,0,14,2,0,0,16.653846153846153,70.29220779220779,,6.0
06e649a0,RK Whelan,ODI,2,2,5,12,1,0,2,2,90,99,2,0,0,0,0,0,2.5,41.66666666666667,49.5,6.6
0730a707,SI Kamea,ODI,20,14,18,55,2,0,7,19,898,766,28,8,1,0,0,0,2.5714285714285716,32.72727272727273,27.357142857142858,5.11804008908686
074acfb4,Asif Khan,ODI,38,37,1270,1606,103,42,33,0,0,0,0,0,9,0,0,4,38.484848484848484,79.07845579078456,,
075e9f9c,Moniruzzaman,ODI,2,2,1,20,0,0,2,0,0,0,0,0,0,0,0,0,0.5,5.0,,
07687c15,Sultan Ahmed,ODI,2,2,18,44,2,0,2,2,72,58,0,0,0,0,0,0,9.0,40.909090909090914,,4.833333333333333
07793daf,JR Lennox,ODI,10,5,3,24,0,0,2,10,558,393,23,1,0,0,0,2,1.5,12.5,17.08695652173913,4.225806451612903
079d9bdc,BA Westdijk,ODI,3,2,0,3,0,0,2,3,138,173,1,0,0,1,0,0,0.0,0.0,173.0,7.521739130434782
07b6f54c,DDP D'Silva,ODI,6,5,53,123,8,0,4,5,186,118,6,3,1,0,0,0,13.25,43.08943089430895,19.666666666666668,3.806451612903226
07ff32f5,Khurram Nawaz,ODI,3,2,26,49,1,0,1,0,0,0,0,0,1,0,0,0,26.0,53.06122448979592,,
08323d6b,K Whatham,ODI,1,1,18,43,2,0,1,0,0,0,0,0,0,0,0,0,18.0,41.86046511627907,,
083e01d9,Matiullah Khan,ODI,1,0,0,0,0,0,0,1,30,37,1,0,0,0,0,0,,,37.0,7.4
08548b13,PHKD Mendis,ODI,28,27,539,685,41,14,21,15,300,326,6,0,11,1,0,0,25.666666666666668,78.68613138686132,54.333333333333336,6.52
086f5984,Junaid Khan,ODI,73,23,68,134,4,1,14,73,3475,3135,104,28,6,1,0,0,4.857142857142857,50.74626865671642,30.14423076923077,5.41294964028777
0882b3f1,RJ van Vuuren,ODI,5,5,26,38,2,1,3,5,300,298,8,4,0,0,0,0,8.666666666666666,68.42105263157895,37.25,5.96
08a4f9ad,DC Thomas,ODI,21,19,238,379,19,2,17,1,7,11,2,0,23,2,6,0,14.0,62.796833773087066,5.5,9.428571428571429
08bae9d5,PLS Gamage,ODI,9,5,4,27,0,0,2,9,402,392,9,2,2,0,0,0,2.0,14.814814814814813,43.55555555555556,5.850746268656716
090f9211,Shahadat Hossain,ODI,33,18,60,119,5,1,7,33,1498,1551,27,8,2,1,0,0,8.571428571428571,50.42016806722689,57.44444444444444,6.212283044058745
0939c670,MA Ouma,ODI,27,26,468,855,49,2,24,0,0,0,0,0,10,1,2,0,19.5,54.736842105263165,,
098a757c,Muhammad Jawadullah,ODI,14,9,15,22,1,1,4,14,596,594,14,1,2,2,0,0,3.75,68.18181818181817,42.42857142857143,5.979865771812081
099135ad,Aryan Lakra,ODI,16,16,387,681,35,4,16,12,318,280,6,3,8,0,0,0,24.1875,56.82819383259912,46.666666666666664,5.283018867924528
0994d0ae,V Shankar,ODI,11,7,194,210,18,4,6,9,233,210,4,0,6,0,0,0,32.333333333333336,92.38095238095238,52.5,5.407725321888412
09a9d073,J Charles,ODI,58,58,1544,1840,173,45,58,1,5,12,0,0,25,5,2,3,26.620689655172413,83.91304347826087,,14.399999999999999
0a2184d9,D Lakshan,ODI,1,1,2,9,0,0,1,1,12,12,0,0,0,0,0,0,2.0,22.22222222222222,,6.0
0a3d54b9,VR Aaron,ODI,9,3,8,15,1,0,1,9,380,419,11,2,1,0,0,0,8.0,53.333333333333336,38.09090909090909,6.61578947368421
0a4735b4,RA Jones,ODI,3,3,96,187,7,1,3,0,0,0,0,0,0,0,0,0,32.0,51.33689839572193,,
0a4736eb,Asif Ali,ODI,20,15,375,317,22,20,14,1,5,9,0,0,6,0,0,0,26.785714285714285,118.29652996845425,,10.799999999999999
0a476045,S Dhawan,ODI,166,163,6733,7524,838,78,153,0,0,0,0,0,83,3,0,11,44.00653594771242,89.4869750132908,,
0a4c6dfd,Arshad Khan,ODI,7,2,14,17,1,0,0,7,336,251,7,3,1,0,0,0,,82.35294117647058,35.857142857142854,4.482142857142857
0a509d6b,RK Singh,ODI,2,2,55,43,5,3,2,1,6,2,1,0,1,0,0,0,27.5,127.90697674418605,2.0,2.0
0a8fce53,Mustafizur Rahman,ODI,112,51,165,350,18,1,25,110,5338,4617,176,38,10,2,0,6,6.6,47.14285714285714,26.232954545454547,5.189584113900337
0a951319,SL Stewart,ODI,4,4,26,59,2,0,4,0,0,0,0,0,0,0,0,0,6.5,44.06779661016949,,
0a9d8b61,JL Carter,ODI,30,26,560,778,48,10,23,12,136,160,4,0,6,1,0,0,24.347826086956523,71.97943444730078,40.0,7.0588235294117645
0aa14354,Saeed Anwar,ODI,5,5,218,318,19,1,4,1,24,15,1,0,0,0,0,0,54.5,68.55345911949685,15.0,3.75
0abb2525,M Heingo,ODI,2,1,0,3,0,0,1,2,97,100,3,2,0,0,0,0,0.0,0.0,33.333333333333336,6.185567010309278
0b0cc297,Tanzim Hasan Sakib,ODI,13,9,134,162,9,6,6,13,599,589,19,4,3,0,0,1,22.333333333333332,82.71604938271605,31.0,5.89983305509182
0b130202,CL Cairns,ODI,35,30,790,894,59,28,24,23,924,775,20,7,11,1,0,1,32.916666666666664,88.36689038031321,38.75,5.032467532467533
0b2a170a,R Strydom,ODI,2,0,0,0,0,0,0,0,0,0,0,0,0,0,0,0,,,,
0b581ed6,J Sumerauer,ODI,4,3,84,74,8,2,3,4,234,203,9,4,1,2,0,0,28.0,113.51351351351352,22.555555555555557,5.205128205128205
0b60eb09,KA Maharaj,ODI,54,31,324,418,37,4,23,53,2765,2201,70,17,9,1,0,2,14.08695652173913,77.51196172248804,31.442857142857143,4.776130198915009
0b7930ed,BJ Patel,ODI,11,10,118,253,15,0,9,1,18,21,0,0,3,0,0,0,13.11111111111111,46.6403162055336,,7.0
0b7b78c6,Hammad Mirza,ODI,18,18,643,862,63,8,16,0,0,0,0,0,19,3,2,1,40.1875,74.5939675174014,,
0be1b885,Danish Kaneria,ODI,13,5,9,15,1,0,2,13,608,505,10,11,1,0,0,0,4.5,60.0,50.5,4.983552631578948
0bf15e52,Harmeet Singh,ODI,28,20,295,305,17,17,15,27,1428,982,38,14,5,1,0,2,19.666666666666668,96.72131147540983,25.842105263157894,4.126050420168068
0c2730df,A Kumble,ODI,29,16,108,261,10,0,12,28,1489,1144,28,10,4,4,0,0,9.0,41.37931034482759,40.857142857142854,4.609805238415044
0c637131,WF Stelling,ODI,4,2,40,39,2,2,0,4,186,107,5,7,1,0,0,2,,102.56410256410255,21.4,3.4516129032258065
0c8a1d51,Khaled Mahmud,ODI,28,26,283,483,21,2,23,27,1183,1038,22,10,5,0,0,1,12.304347826086957,58.59213250517599,47.18181818181818,5.2645815722738805
0cc2c8b6,TE Tucker,ODI,1,0,0,0,0,0,0,1,18,20,0,0,1,0,0,0,,,,6.666666666666667
0cc343b0,NB Mahwire,ODI,10,8,40,108,2,0,7,9,358,295,7,2,3,0,0,0,5.714285714285714,37.03703703703704,42.142857142857146,4.944134078212291
0d08cbcb,Mushtaq Ahmed,ODI,1,0,0,0,0,0,0,1,60,65,0,0,0,0,0,0,,,,6.5
0d15a8c9,Zahid Ali,ODI,3,3,16,25,1,0,1,3,114,132,5,0,0,0,0,0,16.0,64.0,26.4,6.947368421052632
0d37dea9,DE Budge,ODI,16,14,237,311,17,1,10,8,151,111,1,0,8,2,0,0,23.7,76.20578778135048,111.0,4.410596026490066
0d677597,W Barresi,ODI,37,37,882,1184,97,12,34,1,6,13,0,0,16,0,3,0,25.941176470588236,74.49324324324324,,13.0
0db94786,NA Statham,ODI,2,2,7,45,0,0,2,0,0,0,0,0,0,0,0,0,3.5,15.555555555555555,,
0dbe27b8,BD Glover,ODI,7,4,28,45,4,0,2,7,324,337,5,2,2,1,0,0,14.0,62.22222222222222,67.4,6.2407407407407405
0dc00542,Shahid Afridi,ODI,207,185,3913,2987,341,177,168,200,10228,7950,243,33,45,8,0,19,23.291666666666668,131.00100435219284,32.71604938271605,4.66366836136097
0e0afd8b,MO Jones,ODI,6,6,58,72,4,4,6,6,265,263,6,2,2,0,0,0,9.666666666666666,80.55555555555556,43.833333333333336,5.9547169811320755
0e63259d,J Campbell,ODI,3,2,8,15,0,0,1,1,12,13,0,0,3,0,0,0,8.0,53.333333333333336,,6.5
0e9af639,Talha Jubair,ODI,2,1,4,8,1,0,0,2,60,70,0,0,0,0,0,0,,50.0,,7.0
0ebb3444,L Scott,ODI,1,1,2,4,0,0,1,1,48,57,2,0,1,0,0,0,2.0,50.0,28.5,7.125
0ebfb1ad,E Lewis,ODI,61,59,2051,2398,193,73,55,0,0,0,0,0,23,1,0,4,37.29090909090909,85.52960800667223,,
0ec9e2c4,Mohammad Talha,ODI,3,1,0,1,0,0,1,3,122,146,4,1,0,0,0,0,0.0,0.0,36.5,7.180327868852459
0ecb4de6,Rehan Ahmed,ODI,9,7,99,124,11,1,7,8,396,351,12,2,1,1,0,0,14.142857142857142,79.83870967741935,29.25,5.318181818181818
0f12f9df,NLTC Perera,ODI,161,128,2233,2045,168,83,114,152,5666,5563,164,29,51,16,0,12,19.587719298245613,109.19315403422982,33.920731707317074,5.890928344511119
0f348f58,Sunzamul Islam,ODI,3,1,19,25,3,0,1,3,150,79,5,0,0,0,0,0,19.0,76.0,15.8,3.16
0f6db197,S Mahmood,ODI,18,7,31,54,2,0,3,18,895,780,27,8,3,0,0,1,10.333333333333334,57.407407407407405,28.88888888888889,5.229050279329609
0f721006,JO Holder,ODI,129,107,2144,2431,156,64,85,127,6030,5602,151,57,55,6,0,5,25.223529411764705,88.19415878239407,37.09933774834437,5.574129353233831
0fa5042b,L Ronchi,ODI,84,67,1397,1241,149,43,59,0,0,0,0,0,104,17,12,2,23.677966101694917,112.57050765511684,,
0fdabe05,V Sibanda,ODI,99,97,2125,3467,235,25,95,11,267,265,3,1,31,7,0,2,22.36842105263158,61.29218344389963,88.33333333333333,5.955056179775281
101b1180,V Shukla,ODI,15,14,312,371,15,13,12,0,0,0,0,0,19,3,3,0,26.0,84.09703504043127,,
101d1e85,KJJ van Noortwijk,ODI,3,3,141,143,12,3,2,0,0,0,0,0,0,0,0,0,70.5,98.6013986013986,,
107c26fb,KT Maphaka,ODI,3,3,1,8,0,0,3,3,131,195,5,2,0,1,0,0,0.3333333333333333,12.5,39.0,8.931297709923665
10840285,AL Kandappah,ODI,2,2,97,159,4,3,1,1,1,4,0,0,0,0,0,0,97.0,61.0062893081761,,24.0
10a2a1ff,PG Fulton,ODI,45,43,1216,1726,104,18,38,0,0,0,0,0,16,0,0,3,32.0,70.45191193511008,,
10a91f35,Shoaib Akhtar,ODI,70,39,217,249,14,10,25,69,3403,2839,98,34,4,4,0,2,8.68,87.14859437751004,28.96938775510204,5.005583308845137
10c158cc,K Sonavale,ODI,3,3,5,29,0,0,3,2,15,3,2,1,0,0,0,0,1.6666666666666667,17.24137931034483,1.5,1.2
11196470,TV Mufambisi,ODI,4,4,45,71,6,0,4,0,0,0,0,0,0,0,0,0,11.25,63.38028169014085,,
112959b2,A Bagai,ODI,26,24,614,995,63,1,21,0,0,0,0,0,29,3,5,1,29.238095238095237,61.70854271356784,,
11614d87,D Pretorius,ODI,27,13,192,232,14,5,12,26,1144,947,35,8,11,1,0,2,16.0,82.75862068965517,27.057142857142857,4.966783216783217
119678fd,KV Sharma,ODI,2,0,0,0,0,0,0,2,114,125,0,1,3,0,0,0,,,,6.578947368421052
11ce1151,MKDI Amerasinghe,ODI,7,3,5,7,1,0,0,7,384,332,9,4,1,0,0,0,,71.42857142857143,36.888888888888886,5.1875
11df3dc8,MJ Lumb,ODI,3,3,165,206,12,3,3,0,0,0,0,0,1,0,0,0,55.0,80.09708737864078,,
1200550f,MJ Prior,ODI,64,57,1229,1652,132,6,50,0,0,0,0,0,69,21,7,1,24.58,74.39467312348668,,
122108d8,S Chattergoon,ODI,10,9,281,441,42,3,8,1,42,30,0,0,3,1,0,0,35.125,63.718820861678005,,4.285714285714286
1236044e,LR Naylor,ODI,2,2,34,43,5,0,2,0,0,0,0,0,0,0,0,0,17.0,79.06976744186046,,
123e663a,S Dhaniram,ODI,12,11,281,316,23,4,11,11,549,403,21,6,2,0,0,2,25.545454545454547,88.92405063291139,19.19047619047619,4.404371584699454
1252f71a,MRJ Watt,ODI,81,58,879,1099,67,24,39,79,4146,2960,106,47,28,0,0,3,22.53846153846154,79.98180163785258,27.92452830188679,4.283646888567294
126e56a1,Wasim Akram,ODI,6,5,71,72,10,1,3,5,284,201,12,4,0,0,0,1,23.666666666666668,98.61111111111111,16.75,4.246478873239436
1274d7ab,Nazmul Hossain Shanto,ODI,58,57,1742,2272,193,17,54,7,100,102,2,0,19,1,0,3,32.25925925925926,76.6725352112676,51.0,6.119999999999999
127bc5ca,NGRP Jayasuriya,ODI,2,2,11,14,1,0,1,2,96,95,0,0,0,0,0,0,11.0,78.57142857142857,,5.9375
12b59324,RP Lefebvre,ODI,4,4,43,68,4,1,3,4,192,122,4,1,2,1,0,0,14.333333333333334,63.23529411764706,30.5,3.8125
12b610c2,TM Head,ODI,77,74,2948,2860,340,72,69,42,1185,1137,28,0,19,1,0,8,42.72463768115942,103.07692307692307,40.607142857142854,5.756962025316455
12bffe91,LL Tsotsobe,ODI,60,19,58,113,7,1,8,59,2910,2314,95,45,7,2,0,3,7.25,51.32743362831859,24.357894736842105,4.771134020618557
12c3ba4d,P Khadka,ODI,8,8,252,317,33,3,7,7,276,193,4,2,6,0,0,1,36.0,79.49526813880126,48.25,4.195652173913044
12eddf28,RJ Harris,ODI,21,9,48,48,3,1,6,20,1031,832,44,11,5,2,0,3,8.0,100.0,18.90909090909091,4.841901066925315
12f6b3bd,N Kruger,ODI,1,1,5,20,0,0,1,0,0,0,0,0,0,0,0,0,5.0,25.0,,
134ba8ae,ADR Campbell,ODI,1,1,7,25,0,0,1,0,0,0,0,0,0,0,0,0,7.0,28.000000000000004,,
13c35c9e,TG Southee,ODI,152,92,715,770,56,25,60,150,7690,7146,216,75,40,5,0,4,11.916666666666666,92.85714285714286,33.083333333333336,5.57555266579974
1417ba2f,JJC Lawson,ODI,4,3,11,13,1,0,1,4,210,207,4,2,0,0,0,0,11.0,84.61538461538461,51.75,5.914285714285715
14661bf3,Faisal Akram,ODI,4,0,0,0,0,0,0,4,177,122,7,0,1,0,0,0,,,17.428571428571427,4.135593220338983
14810ee7,Kaleem Sana,ODI,28,20,134,150,7,9,11,28,1398,1022,45,22,5,2,0,0,12.181818181818182,89.33333333333333,22.711111111111112,4.386266094420601
1494a583,Dhiman Ghosh,ODI,11,11,124,205,9,1,9,0,0,0,0,0,6,2,3,0,13.777777777777779,60.48780487804878,,
14b14cd8,DM Bravo,ODI,118,113,3007,4475,246,71,103,0,0,0,0,0,33,3,0,3,29.194174757281555,67.19553072625698,,
14f96089,A Zampa,ODI,118,62,398,638,34,2,40,118,6153,5644,192,17,18,1,0,4,9.95,62.38244514106584,29.395833333333332,5.5036567528035105
151e8077,CS Baugh,ODI,38,27,382,563,30,4,20,0,0,0,0,0,34,15,9,0,19.1,67.85079928952042,,
1530a7e9,F Kasteni,ODI,2,2,9,24,0,0,2,0,0,0,0,0,0,0,0,0,4.5,37.5,,
1558d83b,GS Sandhu,ODI,2,0,0,0,0,0,0,2,120,107,3,0,0,0,0,0,,,35.666666666666664,5.35
156378d8,S Jora,ODI,5,5,56,68,5,2,5,0,0,0,0,0,1,1,0,0,11.2,82.35294117647058,,
156d0ea2,SR Mukkamalla,ODI,43,42,1532,1888,120,26,37,0,0,0,0,0,13,3,0,2,41.4054054054054,81.14406779661016,,
158d6619,DOD Rikhi,ODI,1,1,3,6,0,0,1,0,0,0,0,0,1,0,0,0,3.0,50.0,,
15d1b59e,NA de Groot,ODI,6,6,44,130,6,0,6,3,81,88,3,0,0,0,0,0,7.333333333333333,33.84615384615385,29.333333333333332,6.518518518518518
15de1f5d,WA Agar,ODI,2,2,50,43,4,2,2,2,66,39,0,1,0,0,0,0,25.0,116.27906976744187,,3.5454545454545454
1688f2dc,T Lungameni,ODI,34,15,46,108,2,0,9,34,1571,1188,50,22,8,0,0,1,5.111111111111111,42.592592592592595,23.76,4.537237428389561
16dfcc19,Umar Gul,ODI,120,62,442,648,35,13,46,118,5597,4902,158,58,14,8,0,3,9.608695652173912,68.20987654320987,31.025316455696203,5.254958013221368
172dff15,C Bosch,ODI,12,10,270,254,29,5,6,12,562,656,11,0,4,2,0,0,45.0,106.29921259842521,59.63636363636363,7.00355871886121
174369f2,NAM McLean,ODI,1,1,5,7,0,0,1,1,36,38,0,0,0,0,0,0,5.0,71.42857142857143,,6.333333333333333
1747ea18,DS Airee,ODI,76,70,1598,2079,126,24,64,69,2552,1732,56,23,29,12,0,4,24.96875,76.86387686387687,30.928571428571427,4.072100313479624
1777c020,Fakhar Zaman,ODI,87,86,3803,4140,424,83,80,7,135,111,1,1,41,0,0,9,47.5375,91.85990338164251,111.0,4.933333333333334
1786a21b,BJ Curran,ODI,8,8,444,581,46,0,6,0,0,0,0,0,3,0,0,2,74.0,76.41996557659209,,
17aa4f1d,Aaron Jones,ODI,51,51,1620,2287,114,32,48,10,197,189,0,0,17,2,0,2,33.75,70.83515522518583,,5.756345177664974
17b641bf,SD Udal,ODI,1,1,0,2,0,0,1,1,42,29,1,0,0,0,0,0,0.0,0.0,29.0,4.142857142857143
17efdeb8,Raqibul Hasan,ODI,48,48,1177,1910,89,8,43,0,0,0,0,0,17,8,0,0,27.372093023255815,61.623036649214654,,
17f552bf,SV Carlisle,ODI,7,6,110,249,5,0,6,0,0,0,0,0,4,0,0,0,18.333333333333332,44.17670682730924,,
17fbaab5,FL Reifer,ODI,6,6,86,190,6,1,6,0,0,0,0,0,2,1,0,0,14.333333333333334,45.26315789473684,,
18261c22,SJ Myburgh,ODI,14,14,347,466,40,7,12,0,0,0,0,0,2,0,0,1,28.916666666666668,74.46351931330472,,
18356eb3,GB Murgatroyd,ODI,6,6,90,148,7,1,6,0,0,0,0,0,0,0,0,0,15.0,60.810810810810814,,
18eaf2fa,Amjad Javed,ODI,13,12,238,267,27,9,11,13,510,507,7,2,6,0,0,0,21.636363636363637,89.13857677902621,72.42857142857143,5.964705882352941
18fac429,SR Patel,ODI,35,22,482,532,37,12,15,31,1145,1069,23,5,5,3,0,1,32.13333333333333,90.6015037593985,46.47826086956522,5.6017467248908295
193ef196,Sharjeel Khan,ODI,24,24,787,692,102,27,24,0,0,0,0,0,6,0,0,0,32.791666666666664,113.72832369942196,,
19708692,MW Parkinson,ODI,5,1,7,8,1,0,0,5,208,203,5,0,1,0,0,0,,87.5,40.6,5.855769230769231
19d0a172,G Hoey,ODI,2,2,24,30,2,1,2,2,102,114,1,0,1,0,0,0,12.0,80.0,114.0,6.705882352941177
1a156c88,DJM Short,ODI,8,8,211,274,16,1,7,5,90,114,0,0,2,0,0,0,30.142857142857142,77.00729927007299,,7.6
1a2676c5,SA Abbott,ODI,29,21,374,397,32,13,19,29,1331,1271,35,9,13,2,0,1,19.68421052631579,94.20654911838791,36.31428571428572,5.729526671675432
1a3cc554,RK Paudel,ODI,84,79,2189,3063,155,39,73,19,507,362,11,3,28,9,0,5,29.986301369863014,71.46588312112308,32.90909090909091,4.284023668639053
1a448be0,B White,ODI,2,0,0,0,0,0,0,2,108,118,1,0,0,0,0,0,,,118.0,6.555555555555555
1a8ad45c,SJ Cameron,ODI,2,2,9,13,0,0,1,2,109,123,3,1,1,0,0,0,9.0,69.23076923076923,41.0,6.770642201834862
1a8eebbe,Shafiul Islam,ODI,58,33,132,242,13,2,22,58,2470,2463,69,27,7,3,0,1,6.0,54.54545454545454,35.69565217391305,5.982995951417004
1aba45cd,Sahibzada Farhan,ODI,6,6,101,136,10,0,6,0,0,0,0,0,3,0,0,0,16.833333333333332,74.26470588235294,,
1abb78f8,SN Thakur,ODI,46,24,329,321,31,9,19,45,1904,1983,64,8,6,0,0,1,17.31578947368421,102.49221183800623,30.984375,6.248949579831933
1ac2a995,HR Walsh,ODI,22,13,172,264,18,1,10,22,962,890,24,0,2,1,0,0,17.2,65.15151515151516,37.083333333333336,5.5509355509355505
1adb8ee8,Sompal Kami,ODI,70,52,753,1028,55,16,37,69,3081,2767,92,37,12,4,0,1,20.35135135135135,73.24902723735408,30.07608695652174,5.388510223953262
1af1bc4b,JH Desai,ODI,1,1,16,38,1,0,1,0,0,0,0,0,1,0,0,0,16.0,42.10526315789473,,
1afdbdbf,JWM Dalrymple,ODI,27,26,487,677,32,3,25,23,840,666,14,2,9,1,0,0,19.48,71.93500738552437,47.57142857142857,4.757142857142857
1b3acd33,MD Bates,ODI,2,1,13,10,1,1,1,2,84,52,2,1,1,0,0,0,13.0,130.0,26.0,3.7142857142857144
1b668884,MS Sinclair,ODI,19,15,367,566,32,2,12,0,0,0,0,0,4,1,0,0,30.583333333333332,64.84098939929329,,
1b6fef02,P Mustard,ODI,9,9,219,244,25,5,9,0,0,0,0,0,7,1,2,0,24.333333333333332,89.75409836065575,,
1bae756b,ADS Fletcher,ODI,23,23,305,503,36,6,23,3,28,26,0,0,4,3,0,0,13.26086956521739,60.63618290258449,,5.571428571428571
1bb0993e,Abu Jayed,ODI,2,0,0,0,0,0,0,2,108,114,5,0,0,0,0,1,,,22.8,6.333333333333333
1bd16445,VM Nyauchi,ODI,10,5,43,53,5,1,6,10,402,353,7,5,2,1,0,0,7.166666666666667,81.13207547169812,50.42857142857143,5.268656716417911
1be67d37,RTM Mendis,ODI,4,4,50,50,3,1,2,3,72,74,4,0,1,0,0,0,25.0,100.0,18.5,6.166666666666667
1be70c88,LPC Silva,ODI,59,49,1279,1805,115,10,42,2,42,33,1,1,18,2,0,1,30.452380952380953,70.85872576177286,33.0,4.714285714285714
1c17e270,RV Uthappa,ODI,45,41,934,1070,108,19,36,1,2,0,0,0,19,3,2,0,25.944444444444443,87.28971962616822,,0.0
1c790f4f,Rumman Raees,ODI,9,4,27,25,5,0,3,9,463,464,14,2,2,0,0,0,9.0,108.0,33.142857142857146,6.012958963282937
1c914163,Yuvraj Singh,ODI,226,209,6932,8102,729,133,176,126,4018,3444,92,13,65,14,0,21,39.38636363636363,85.55912120464083,37.43478260869565,5.142857142857143
1cb14aa4,CJ Dala,ODI,3,2,8,6,1,0,1,3,150,168,2,0,1,0,0,0,8.0,133.33333333333331,84.0,6.72
1cb64b3c,CB Lambert,ODI,1,1,39,86,4,1,1,1,60,66,0,0,0,0,0,0,39.0,45.348837209302324,,6.6
1d048deb,BOP Fernando,ODI,8,8,148,238,15,3,8,1,12,16,0,0,1,0,0,0,18.5,62.18487394957983,,8.0
1d5dd8a6,N Ifill,ODI,3,2,16,44,2,0,2,3,72,88,0,0,1,0,0,0,8.0,36.36363636363637,,7.333333333333333
1dc12ab9,SK Raina,ODI,220,190,5585,6147,475,120,156,100,2124,1807,36,7,101,21,0,12,35.80128205128205,90.85732877826582,50.19444444444444,5.104519774011299
1e1a8922,KDC Clarke,ODI,4,3,39,28,4,1,2,4,180,196,7,0,3,0,0,0,19.5,139.28571428571428,28.0,6.533333333333333
1e25b5bf,C Carter,ODI,10,8,111,176,16,0,8,0,0,0,0,0,7,1,2,0,13.875,63.06818181818182,,
1e5708ac,Zahid Hussain,ODI,2,2,9,31,1,0,1,2,120,94,2,1,1,0,0,0,9.0,29.03225806451613,47.0,4.7
1e66c162,JD Unadkat,ODI,8,0,0,0,0,0,0,8,342,225,9,3,1,1,0,0,,,25.0,3.9473684210526314
1e7b1aa7,Saleem Elahi,ODI,7,7,199,307,17,0,6,0,0,0,0,0,1,0,0,0,33.166666666666664,64.82084690553745,,
1e960f2a,C Kieswetter,ODI,45,38,985,1130,98,30,34,0,0,0,0,0,53,11,11,1,28.970588235294116,87.16814159292035,,
1edf29b9,Akshay Homraj,ODI,8,8,159,230,9,4,8,0,0,0,0,0,12,0,0,0,19.875,69.1304347826087,,
1ee08e9a,JA Richardson,ODI,15,8,93,109,8,0,5,15,810,793,27,11,4,0,0,1,18.6,85.3211009174312,29.37037037037037,5.874074074074074
1efd9f52,LJ Hamilton,ODI,1,1,2,4,0,0,0,1,48,67,0,0,0,0,0,0,,50.0,,8.375
1eff8625,SC Joseph,ODI,7,5,77,153,6,1,5,0,0,0,0,0,3,0,0,0,15.4,50.326797385620914,,
1f1b4c89,JC Tongue,ODI,2,1,0,2,0,0,1,2,90,93,2,1,0,0,0,0,0.0,0.0,46.5,6.2
1f3ad23f,DR Chumney,ODI,11,11,219,336,19,6,10,0,0,0,0,0,1,0,0,0,21.9,65.17857142857143,,
1f6cbaff,TC Bastiampillai,ODI,5,5,89,163,11,2,5,1,6,12,0,0,1,0,0,0,17.8,54.601226993865026,,12.0
1f7adc8a,Arafat Sunny,ODI,15,10,48,94,5,0,3,15,770,556,22,9,3,2,0,0,16.0,51.06382978723404,25.272727272727273,4.332467532467533
1fb2f362,IS Billcliff,ODI,10,10,223,389,22,3,10,0,0,0,0,0,3,1,0,0,22.3,57.326478149100254,,
1fc6ef83,SD Hope,ODI,144,141,5865,7327,469,120,122,0,0,0,0,0,152,15,16,12,48.07377049180328,80.04640371229699,,
1fe81cc9,T Kamungozi,ODI,13,9,25,56,5,0,5,12,576,494,12,0,4,0,0,0,5.0,44.642857142857146,41.166666666666664,5.145833333333333
2008fc75,TT Samaraweera,ODI,37,30,669,914,63,0,20,3,30,33,1,0,15,0,0,2,33.45,73.19474835886214,33.0,6.6
207c4398,SP Jones,ODI,5,1,1,2,0,0,1,4,210,175,5,6,0,0,0,0,1.0,50.0,35.0,5.0
208f22ea,DJ Worrall,ODI,3,1,6,4,1,0,0,3,158,171,1,0,1,0,0,0,,150.0,171.0,6.493670886075949
20a941bb,M Ntini,ODI,89,26,101,153,7,4,14,88,4434,3521,141,54,8,4,0,5,7.214285714285714,66.01307189542483,24.97163120567376,4.7645466847090665
20ab5aad,PD Blignaut,ODI,1,0,0,0,0,0,1,1,24,28,1,0,0,0,0,0,0.0,,28.0,7.0
20f3a03d,RM Jariwala,ODI,4,4,30,53,1,1,4,0,0,0,0,0,0,0,0,0,7.5,56.60377358490566,,
20f4a109,TGJ Gruijters,ODI,1,0,0,0,0,0,0,0,0,0,0,0,0,0,0,0,,,,
20fbf68c,Reon King,ODI,1,1,3,10,0,0,0,1,60,60,1,0,0,0,0,0,,30.0,60.0,6.0
210b05cb,Ehsan Adil,ODI,9,5,43,58,4,0,4,9,387,335,9,2,0,0,0,0,10.75,74.13793103448276,37.22222222222222,5.1937984496124034
210f4a5d,SH Lewis,ODI,1,0,0,0,0,0,0,1,59,67,3,0,2,0,0,0,,,22.333333333333332,6.813559322033898
211de69f,Azhar Ali,ODI,52,52,1806,2478,164,14,49,14,258,260,4,0,8,4,0,1,36.857142857142854,72.88135593220339,65.0,6.046511627906977
21231130,JJ Esmeijer,ODI,3,2,3,15,0,0,1,3,156,138,0,0,3,1,0,0,3.0,20.0,,5.3076923076923075
212aeedd,N Peter,ODI,2,1,16,31,2,0,1,2,72,73,3,0,0,0,0,0,16.0,51.61290322580645,24.333333333333332,6.083333333333333
2182013e,SW Masakadza,ODI,12,8,109,112,10,6,7,12,621,729,22,3,5,1,0,0,15.571428571428571,97.32142857142857,33.13636363636363,7.043478260869565
218c7eab,Basir Ahamad,ODI,6,5,35,83,4,0,5,5,141,100,2,1,4,0,0,0,7.0,42.168674698795186,50.0,4.25531914893617
218d4d78,MT Renshaw,ODI,9,9,217,247,12,3,8,6,198,155,6,1,3,0,0,0,27.125,87.85425101214574,25.833333333333332,4.696969696969697
21afb939,Shoaib Khan,ODI,31,31,843,1025,79,14,27,7,144,131,2,0,15,2,0,2,31.22222222222222,82.24390243902438,65.5,5.458333333333333
21b97584,Mrittunjoy Chowdhury,ODI,1,1,8,11,0,0,1,1,48,64,0,0,2,0,0,0,8.0,72.72727272727273,,8.0
21bf71ab,T Mupariwa,ODI,28,21,87,208,7,2,17,28,1366,1206,36,10,5,0,0,0,5.117647058823529,41.82692307692308,33.5,5.297218155197657
21d4e29b,Navdeep Saini,ODI,8,5,107,141,9,3,2,8,420,481,6,0,3,0,0,0,53.5,75.88652482269504,80.16666666666667,6.871428571428571
21e5f325,TA Blundell,ODI,12,12,266,309,28,2,9,0,0,0,0,0,13,0,2,0,29.555555555555557,86.08414239482201,,
221ad9d9,GP Swann,ODI,76,47,475,525,46,4,35,73,3659,2801,98,20,17,7,0,2,13.571428571428571,90.47619047619048,28.581632653061224,4.5930582126264
2254ab79,Sarfraz Ahmed,ODI,115,89,2289,2673,174,12,67,1,12,15,0,0,117,19,24,5,34.16417910447761,85.6341189674523,,7.5
2259c12d,Tabarak Dar,ODI,2,2,45,95,5,0,2,0,0,0,0,0,0,0,0,0,22.5,47.368421052631575,,
22860288,RJ Kirtley,ODI,3,0,0,0,0,0,0,3,175,130,4,2,2,0,0,0,,,32.5,4.457142857142857
22ae3041,Fawad Ahmed,ODI,2,1,4,2,1,0,0,2,84,106,2,0,0,1,0,0,,200.0,53.0,7.571428571428571
22b98d7c,TW Hartley,ODI,2,1,12,9,1,0,0,1,60,48,0,0,0,0,0,0,,133.33333333333331,,4.8
22bd731a,DG Brownlie,ODI,16,15,361,500,46,1,14,0,0,0,0,0,6,1,0,0,25.785714285714285,72.2,,
22feee04,Zubayr Hamza,ODI,1,1,56,82,5,1,1,0,0,0,0,0,0,0,0,0,56.0,68.29268292682927,,
2318ba22,TLW Cooper,ODI,18,18,576,776,60,4,17,13,311,277,5,3,10,1,0,0,33.88235294117647,74.22680412371135,55.4,5.344051446945337
235c2bb6,H Klaasen,ODI,59,55,2131,1839,199,72,48,2,30,33,0,0,50,3,7,7,44.395833333333336,115.87819467101686,,6.6
23cca426,OF Smith,ODI,9,8,199,128,14,15,7,9,283,261,10,1,1,1,0,0,28.428571428571427,155.46875,26.1,5.53356890459364
23eeb873,DL Chahar,ODI,12,8,191,204,16,8,5,11,486,452,15,4,1,0,0,2,38.2,93.62745098039215,30.133333333333333,5.580246913580247
23f94c02,J Drysdale,ODI,4,1,2,6,0,0,0,4,132,101,4,2,0,0,0,0,,33.33333333333333,25.25,4.590909090909091
24104e5c,Tanbir Hayder,ODI,2,2,5,17,0,0,2,2,60,67,0,0,1,0,0,0,2.5,29.411764705882355,,6.7
243431b5,KJ O'Brien,ODI,90,84,1990,2151,198,48,74,67,2320,2182,52,12,36,3,0,4,26.89189189189189,92.51510925151094,41.96153846153846,5.643103448275862
244048f6,Arshdeep Singh,ODI,16,10,71,59,7,3,8,15,741,683,26,5,3,0,0,1,8.875,120.33898305084745,26.26923076923077,5.530364372469635
248698f4,DSK Madushanka,ODI,1,1,7,6,1,0,1,1,37,26,3,2,0,0,0,0,7.0,116.66666666666667,8.666666666666666,4.216216216216216
2498e163,JR Hopes,ODI,83,61,1326,1436,123,6,53,74,3103,2349,66,29,23,5,0,2,25.0188679245283,92.33983286908078,35.59090909090909,4.542056074766355
249d60c9,AU Rashid,ODI,159,82,942,1046,92,14,56,154,7949,7463,234,16,38,3,0,5,16.821428571428573,90.05736137667304,31.89316239316239,5.633161403950183
24bb1c2f,Haris Rauf,ODI,56,21,104,142,6,9,15,56,2722,2631,102,14,10,2,0,3,6.933333333333334,73.23943661971832,25.794117647058822,5.799412196914034
24ecc358,TM Dowlin,ODI,11,10,228,362,20,1,9,0,0,0,0,0,2,0,0,0,25.333333333333332,62.98342541436463,,
24fcd95d,Kashif Daud,ODI,19,16,282,318,19,13,10,19,663,481,16,9,3,0,0,2,28.2,88.67924528301887,30.0625,4.352941176470588
25020f9d,AR Caddick,ODI,11,10,64,118,3,1,3,11,582,384,17,15,0,0,0,1,21.333333333333332,54.23728813559322,22.58823529411765,3.9587628865979383
2503e881,A Nel,ODI,60,19,123,159,14,3,9,57,2840,2200,84,41,12,3,0,2,13.666666666666666,77.35849056603774,26.19047619047619,4.647887323943662
25550d06,GI Hume,ODI,19,8,65,98,4,2,4,19,862,778,27,10,2,0,0,0,16.25,66.3265306122449,28.814814814814813,5.415313225058005
25733f03,C de Lange,ODI,6,6,110,208,8,0,5,0,0,0,0,0,2,0,0,0,22.0,52.88461538461539,,
25d7f1ac,MD Patel,ODI,71,70,2221,2801,185,32,67,0,0,0,0,0,38,6,2,6,33.149253731343286,79.29310960371296,,
25d8d51a,KH Butt,ODI,2,2,8,29,0,0,2,0,0,0,0,0,1,1,0,0,4.0,27.586206896551722,,
25e26a23,Najeeb Amar,ODI,2,2,34,42,5,0,1,2,120,75,2,0,0,0,0,0,34.0,80.95238095238095,37.5,3.75
25f7b7d6,T Banton,ODI,7,6,172,186,21,4,6,0,0,0,0,0,3,0,0,0,28.666666666666668,92.47311827956989,,
261d6559,Naved Latif,ODI,2,2,7,17,0,0,2,0,0,0,0,0,0,0,0,0,3.5,41.17647058823529,,
26534b48,AM Guruge,ODI,4,2,14,26,1,0,0,4,171,136,7,2,0,0,0,0,,53.84615384615385,19.428571428571427,4.771929824561403
267269e1,Faisal Iqbal,ODI,8,8,134,260,11,0,8,0,0,0,0,0,2,1,0,0,16.75,51.53846153846153,,
26a85969,R Dhawan,ODI,3,2,12,13,1,0,1,3,150,160,1,0,0,0,0,0,12.0,92.3076923076923,160.0,6.4
26a8b2fe,Hassan Nawaz,ODI,4,4,113,132,5,6,2,0,0,0,0,0,0,0,0,1,56.5,85.60606060606061,,
26d041c4,Sikandar Raza,ODI,128,120,3707,4326,311,86,101,102,4256,3521,77,20,49,9,0,10,36.7029702970297,85.69116967175219,45.72727272727273,4.963815789473684
26e5cabf,MK Tiwary,ODI,12,12,287,412,24,3,12,6,132,150,5,1,4,2,0,1,23.916666666666668,69.66019417475728,30.0,6.818181818181818
26f12506,CT Mutombodzi,ODI,9,9,122,149,12,2,9,7,275,264,5,0,5,0,0,0,13.555555555555555,81.87919463087249,52.8,5.76
26ff4c29,RJ Peterson,ODI,66,34,523,636,49,5,23,62,2774,2247,67,14,23,5,0,0,22.73913043478261,82.23270440251572,33.53731343283582,4.860129776496035
270b3f8e,JK Kamande,ODI,22,19,171,363,13,1,18,17,657,576,10,3,3,2,0,0,9.5,47.107438016528924,57.6,5.260273972602739
270bf7e2,KV Morea,ODI,16,12,72,119,5,1,6,16,690,510,20,7,4,0,0,0,12.0,60.50420168067227,25.5,4.434782608695652
27159c6a,RM Haq,ODI,20,17,181,354,18,1,13,19,863,664,25,5,2,0,0,1,13.923076923076923,51.12994350282486,26.56,4.616454229432213
271f83cd,SA Yadav,ODI,37,35,773,751,80,19,30,1,12,17,0,0,17,2,0,0,25.766666666666666,102.92942743009321,,8.5
27258b3e,ML Patel,ODI,2,2,15,61,0,0,2,0,0,0,0,0,0,0,0,0,7.5,24.59016393442623,,
27410b17,PW Gunaratne,ODI,7,1,15,15,3,0,0,7,279,284,6,1,1,1,0,0,,100.0,47.333333333333336,6.10752688172043
2764133a,L Vincent,ODI,48,45,1089,1593,113,17,41,2,18,22,1,1,22,6,0,4,26.5609756097561,68.36158192090396,22.0,7.333333333333333
279c51f0,Aakash Chand,ODI,2,0,0,0,0,0,0,2,78,82,2,0,1,0,0,0,,,41.0,6.3076923076923075
27b8d7b6,K Birkenstock,ODI,17,15,233,438,25,0,15,10,227,226,5,0,6,0,0,0,15.533333333333333,53.19634703196348,45.2,5.973568281938325
27cc4361,PJ Ongondo,ODI,32,26,150,250,9,4,19,32,1260,977,34,23,1,0,0,0,7.894736842105263,60.0,28.735294117647058,4.652380952380953
27d1cc51,PA Hitchcock,ODI,7,5,32,50,3,1,3,7,282,254,5,0,2,1,0,0,10.666666666666666,64.0,50.8,5.404255319148936
28131839,MA Leask,ODI,88,71,1558,1394,120,67,57,76,2546,2135,69,11,27,4,0,4,27.333333333333332,111.76470588235294,30.942028985507246,5.0314218381775335
28392e11,Zaman Khan,ODI,1,0,0,0,0,0,0,1,36,39,0,1,0,1,0,0,,,,6.5
28496266,CT Mumba,ODI,7,6,32,56,1,1,4,7,272,326,7,0,1,0,0,0,8.0,57.14285714285714,46.57142857142857,7.191176470588235
28b61a48,Ghazi Ghori,ODI,4,4,139,192,16,1,4,0,0,0,0,0,3,1,1,0,34.75,72.39583333333334,,
28c78fb3,Harpreet Singh,ODI,4,4,211,220,22,4,4,0,0,0,0,0,0,0,0,0,52.75,95.9090909090909,,
28c7d721,S Bhari,ODI,10,6,22,52,2,0,2,10,398,243,15,5,3,0,0,0,11.0,42.30769230769231,16.2,3.663316582914573
28d6c44d,E Bosch,ODI,1,1,7,9,0,0,0,1,42,33,1,0,0,0,0,0,,77.77777777777779,33.0,4.714285714285714
28ed9134,S Thuraisingam,ODI,5,4,26,47,3,1,3,5,184,160,6,1,2,0,0,0,8.666666666666666,55.319148936170215,26.666666666666668,5.217391304347826
290cba17,SJ Modani,ODI,33,33,898,1460,78,5,33,2,12,6,0,0,3,1,0,1,27.21212121212121,61.50684931506849,,3.0
2911de16,Hasan Ali,ODI,66,38,377,334,28,23,28,64,3166,3084,100,21,10,3,0,2,13.464285714285714,112.87425149700599,30.84,5.8445988629185095
2957a836,GJP Kruger,ODI,3,2,0,10,0,0,1,3,138,139,2,1,1,0,0,0,0.0,0.0,69.5,6.043478260869565
29b89ae8,WB Rankin,ODI,49,20,78,183,3,1,7,47,2357,1934,64,23,8,0,0,0,11.142857142857142,42.62295081967213,30.21875,4.923207467119219
29e253dd,Iftikhar Ahmed,ODI,25,21,527,497,47,16,13,20,742,691,16,4,15,0,0,1,40.53846153846154,106.03621730382294,43.1875,5.587601078167116
29e95537,AM Rahane,ODI,89,86,2906,3812,289,33,83,0,0,0,0,0,48,5,0,5,35.01204819277108,76.23294858342078,,
2a04400b,Sabir Ali,ODI,4,3,12,13,2,0,2,4,102,91,3,1,2,0,0,0,6.0,92.3076923076923,30.333333333333332,5.352941176470588
2a242d58,Simandeep Singh,ODI,1,1,0,7,0,0,1,0,0,0,0,0,0,0,0,0,0.0,0.0,,
2a2e6343,DT Christian,ODI,20,18,273,313,23,3,13,19,727,595,20,4,9,2,0,0,21.0,87.22044728434504,29.75,4.910591471801926
2a731841,Tareq Aziz,ODI,1,1,2,11,0,0,0,1,48,35,2,1,0,0,0,0,,18.181818181818183,17.5,4.375
2a9eee66,Vikramjit Singh,ODI,46,46,1304,1878,143,16,45,14,246,257,7,0,8,0,0,2,28.977777777777778,69.43556975505857,36.714285714285715,6.2682926829268295
2af838ee,N Pradeep,ODI,47,19,35,80,3,1,7,45,2243,2263,58,17,7,2,0,1,5.0,43.75,39.01724137931034,6.053499777084262
2b30ca91,MR Johnson,ODI,2,2,20,23,3,0,2,0,0,0,0,0,1,0,0,0,10.0,86.95652173913044,,
2b6e6dec,AC Gilchrist,ODI,121,118,4355,4260,556,75,112,0,0,0,0,0,186,14,19,13,38.88392857142857,102.2300469483568,,
2b76eb00,AS Luseno,ODI,2,2,0,3,0,0,1,2,60,58,4,0,0,0,0,0,0.0,0.0,14.5,5.8
2b8b75a0,H Osinde,ODI,17,8,11,34,0,0,4,17,683,533,25,11,5,0,0,1,2.75,32.35294117647059,21.32,4.682284040995608
2b944fb7,JS Ababu,ODI,2,2,0,9,0,0,0,2,78,75,1,1,0,0,0,0,,0.0,75.0,5.769230769230769
2bb09eb2,Mohammad Ashraful,ODI,118,113,2301,3465,241,15,105,26,397,353,8,3,21,6,0,5,21.914285714285715,66.4069264069264,44.125,5.335012594458438
2be41edb,MJ Guptill,ODI,194,190,7125,8358,734,184,174,11,109,98,4,1,100,26,0,22,40.94827586206897,85.24766690595837,24.5,5.394495412844036
2bf69ff5,J Giyanani,ODI,1,1,4,6,0,0,1,1,18,31,0,0,0,0,0,0,4.0,66.66666666666666,,10.333333333333334
2bfec670,H Kaushik,ODI,4,4,80,93,2,6,4,4,114,98,0,0,1,0,0,0,20.0,86.02150537634408,,5.157894736842105
2c13defe,TM Odoyo,ODI,39,35,830,1201,71,18,30,36,1559,1151,43,23,3,1,0,2,27.666666666666668,69.10907577019151,26.767441860465116,4.429762668377165
2c54c49b,MJ Humphreys,ODI,6,3,6,10,1,0,1,6,246,211,1,2,1,0,0,0,6.0,60.0,211.0,5.146341463414634
2c997ad3,KMC Bandara,ODI,1,1,1,3,0,0,0,1,60,83,1,0,0,0,0,0,,33.33333333333333,83.0,8.3
2cc08c3c,Shahid Wasif,ODI,9,6,60,138,5,2,6,0,0,0,0,0,2,3,0,0,10.0,43.47826086956522,,
2cccba8f,Sanwar Hossain,ODI,9,9,115,203,9,0,8,6,194,156,5,0,4,1,0,0,14.375,56.65024630541872,31.2,4.824742268041237
2cdce1be,C Sakariya,ODI,1,1,0,1,0,0,0,1,48,34,2,0,1,0,0,0,,0.0,17.0,4.25
2cfa6534,Manjural Islam,ODI,5,3,2,11,0,0,2,5,217,185,5,3,1,0,0,0,1.0,18.181818181818183,37.0,5.11520737327189
2cffab74,Mukesh Kumar,ODI,6,2,10,17,2,0,1,6,234,217,5,4,1,0,0,0,10.0,58.82352941176471,43.4,5.564102564102564
2d03c3f8,C Cassell,ODI,6,1,4,5,0,0,1,6,274,268,11,1,1,1,0,1,4.0,80.0,24.363636363636363,5.868613138686132
2d4465da,SG Whittingham,ODI,4,3,5,15,0,0,2,4,209,187,6,2,2,0,0,0,2.5,33.33333333333333,31.166666666666668,5.368421052631579
2d783277,I Maraj,ODI,6,6,98,273,12,0,5,1,27,22,0,0,2,1,0,0,19.6,35.8974358974359,,4.888888888888889
2e0fcc58,AG Wharf,ODI,12,5,19,29,0,1,2,12,536,398,17,8,1,0,0,1,9.5,65.51724137931035,23.41176470588235,4.455223880597015
2e11c706,BCJ Cutting,ODI,4,2,53,67,4,1,2,4,216,158,5,1,1,0,0,0,26.5,79.1044776119403,31.6,4.388888888888889
2e171977,AR Patel,ODI,74,52,918,1030,58,32,39,69,3460,2619,80,26,27,2,0,2,23.53846153846154,89.126213592233,32.7375,4.541618497109827
2e2fe3e8,DP Hyatt,ODI,9,9,112,189,8,6,8,0,0,0,0,0,1,1,0,0,14.0,59.25925925925925,,
2e78f685,KR Sen,ODI,1,1,2,4,0,0,0,1,30,37,2,0,0,0,0,0,,50.0,18.5,7.4
2e81a32d,B Kumar,ODI,120,53,552,768,46,8,39,119,5799,4926,143,60,23,6,0,5,14.153846153846153,71.875,34.44755244755245,5.096740817382307
2e8994e7,JP Duminy,ODI,193,173,4928,5986,342,67,136,131,3387,3063,67,10,74,9,0,7,36.23529411764706,82.32542599398597,45.71641791044776,5.4260407440212575
2e929b99,GO Jones,ODI,40,34,715,883,63,14,28,0,0,0,0,0,59,2,4,2,25.535714285714285,80.97395243488108,,
2e9fdf9b,DAJ Bracewell,ODI,21,14,221,279,14,7,12,21,1016,845,26,18,3,0,0,1,18.416666666666668,79.21146953405018,32.5,4.99015748031496
2eb25b39,M Gill,ODI,5,5,124,172,13,1,4,0,0,0,0,0,0,0,0,0,31.0,72.09302325581395,,
2ecd844a,BJ Currie,ODI,17,5,16,34,0,0,1,17,743,523,37,6,4,1,0,2,16.0,47.05882352941176,14.135135135135135,4.223418573351279
2ed569a0,RD Chahar,ODI,1,1,13,26,0,0,1,1,60,54,3,0,0,0,0,0,13.0,50.0,18.0,5.4
2eece016,RN Bhatia,ODI,9,9,51,114,4,0,7,9,344,335,3,2,0,0,0,0,7.285714285714286,44.73684210526316,111.66666666666667,5.843023255813954
2ef4f045,ME Sanuth,ODI,3,2,46,41,5,1,2,3,60,61,0,2,0,0,0,0,23.0,112.19512195121952,,6.1
2f0d7e4a,RW Chakabva,ODI,52,50,1106,1650,88,8,47,0,0,0,0,0,44,11,4,0,23.53191489361702,67.03030303030303,,
2f26ac1a,Mohammad Rizwan,ODI,99,90,2881,3464,244,35,69,0,0,0,0,0,107,13,7,1,41.7536231884058,83.16974595842956,,
2f28dc94,RAS Lakmal,ODI,83,45,229,408,16,3,26,81,3743,3443,105,29,18,1,0,2,8.807692307692308,56.127450980392155,32.79047619047619,5.519102324338766
2f49c897,Mohammed Siraj,ODI,49,19,57,139,3,0,8,48,2197,1849,76,33,7,1,0,1,7.125,41.007194244604314,24.32894736842105,5.0496131087847065
2f7a41f8,Arjun Kumal,ODI,3,3,59,115,6,0,3,0,0,0,0,0,0,0,0,0,19.666666666666668,51.30434782608696,,
2f8a9682,RS Morton,ODI,45,41,1205,1872,91,13,35,1,6,2,0,0,14,2,0,2,34.42857142857143,64.36965811965813,,2.0
2f9d0389,LH Ferguson,ODI,63,30,122,246,6,3,17,62,3203,3068,93,9,12,2,0,2,7.176470588235294,49.59349593495935,32.98924731182796,5.747112082422729
2fdd16fe,RG Aga,ODI,7,5,114,122,15,0,5,6,222,195,4,0,1,1,0,0,22.8,93.44262295081968,48.75,5.27027027027027
2feb5b8d,Akhil Kumar,ODI,9,7,123,129,10,4,5,9,348,296,9,2,2,1,0,0,24.6,95.34883720930233,32.888888888888886,5.103448275862069
3029e282,Umar Amin,ODI,16,16,271,408,28,2,15,3,42,24,0,0,6,2,0,0,18.066666666666666,66.42156862745098,,3.4285714285714284
304c9c2e,RO Hurley,ODI,4,2,8,17,0,0,2,3,180,129,2,2,1,0,0,0,4.0,47.05882352941176,64.5,4.3
3086f7a4,Mohammad Nawaz,ODI,27,19,305,366,20,14,14,27,1302,1108,27,2,12,0,0,2,21.785714285714285,83.33333333333334,41.03703703703704,5.105990783410138
3086f7a4,Mohammad Nawaz (3),ODI,15,12,193,221,15,2,9,15,681,584,17,0,2,1,0,0,21.444444444444443,87.33031674208145,34.35294117647059,5.145374449339207
30a45b23,SPD Smith,ODI,167,151,5668,6653,511,57,132,40,1076,971,28,1,86,10,0,11,42.93939393939394,85.19464903051255,34.67857142857143,5.41449814126394
30b60511,LHD Dilhara,ODI,4,4,49,60,3,3,4,3,120,99,3,0,0,0,0,0,12.25,81.66666666666667,33.0,4.95
30f92334,ZGF Foulkes,ODI,9,5,49,59,6,0,2,8,360,337,13,2,3,0,0,0,24.5,83.05084745762711,25.923076923076923,5.616666666666666
314642ed,K Sinclair,ODI,7,3,38,65,2,0,2,7,381,282,11,2,4,0,0,1,19.0,58.46153846153847,25.636363636363637,4.440944881889764
3165bc1b,Krishna Chandran,ODI,7,7,59,163,5,0,7,6,228,250,1,1,2,0,0,0,8.428571428571429,36.19631901840491,250.0,6.578947368421052
31803fac,Abu Hider,ODI,1,0,0,0,0,0,0,1,54,39,1,1,0,0,0,0,,,39.0,4.333333333333333
3185266a,DLS van Bunge,ODI,15,12,293,519,27,5,11,7,151,181,6,1,3,0,0,0,26.636363636363637,56.45472061657033,30.166666666666668,7.19205298013245
31ca7a9c,Ethan D'Souza,ODI,3,2,9,21,1,0,2,0,0,0,0,0,2,0,0,0,4.5,42.857142857142854,,
31ce61ab,BA Murphy,ODI,5,2,3,11,0,0,2,4,180,139,5,3,1,0,0,0,1.5,27.27272727272727,27.8,4.633333333333334
31e31116,SJ Swanepoel,ODI,5,5,43,99,4,0,5,0,0,0,0,0,0,1,0,0,8.6,43.43434343434344,,
31fbf891,H Masakadza,ODI,156,155,3955,5646,420,57,155,60,1223,1162,19,1,49,2,0,3,25.516129032258064,70.04959263195182,61.1578947368421,5.70073589533933
3204c99f,G Coetzee,ODI,13,7,57,90,4,1,7,13,606,676,28,0,3,0,0,0,8.142857142857142,63.33333333333333,24.142857142857142,6.693069306930693
32198ae0,MC Henriques,ODI,16,15,117,192,10,0,13,12,402,347,8,1,6,1,0,0,9.0,60.9375,43.375,5.17910447761194
321be7e3,A Ashok,ODI,3,1,10,12,2,0,1,3,97,120,2,1,1,0,0,0,10.0,83.33333333333334,60.0,7.422680412371133
3227beb4,IJ Harvey,ODI,23,17,259,287,31,2,14,21,913,687,26,12,3,0,0,0,18.5,90.2439024390244,26.423076923076923,4.514786418400877
323e4c16,HDPK Dharmasena,ODI,8,8,129,155,8,0,6,8,422,273,4,2,0,1,0,0,21.5,83.22580645161291,68.25,3.8815165876777256
3241e3fd,N Pooran,ODI,57,54,1829,1913,142,75,47,7,169,174,6,0,20,3,1,1,38.91489361702128,95.6089911134344,29.0,6.177514792899408
327b58d3,PVD Chameera,ODI,54,36,292,502,22,3,25,53,2293,2116,60,16,9,2,0,2,11.68,58.16733067729084,35.266666666666666,5.536851286524204
32a8161e,JW Jenner,ODI,4,4,119,176,6,3,4,0,0,0,0,0,2,0,0,0,29.75,67.61363636363636,,
3300d23c,SF Mire,ODI,35,35,729,944,68,16,35,15,387,418,11,1,8,0,0,1,20.82857142857143,77.22457627118644,38.0,6.48062015503876
33085ffb,D Elgar,ODI,8,7,104,181,6,0,6,4,96,67,2,0,4,0,0,0,17.333333333333332,57.4585635359116,33.5,4.1875
33155d1b,IR Bell,ODI,156,152,5289,6997,509,31,141,6,88,88,6,0,54,13,0,9,37.51063829787234,75.58953837358868,14.666666666666666,6.0
331bd689,MA Suji,ODI,11,7,36,51,1,1,3,11,516,345,9,9,1,0,0,1,12.0,70.58823529411765,38.333333333333336,4.011627906976744
331ea488,UT Khawaja,ODI,39,38,1539,1865,149,13,36,0,0,0,0,0,13,2,0,3,42.75,82.5201072386059,,
3355b542,F du Plessis,ODI,141,135,5445,6288,493,61,118,11,192,189,2,0,75,7,0,9,46.144067796610166,86.59351145038168,94.5,5.90625
33609a8c,Saim Ayub,ODI,17,17,751,775,88,21,16,14,445,374,9,2,12,0,0,2,46.9375,96.90322580645162,41.55555555555556,5.0426966292134825
33742f04,Usman Qadir,ODI,1,0,0,0,0,0,0,1,54,48,1,0,1,0,0,0,,,48.0,5.333333333333333
33a50ecf,RL Powell,ODI,34,30,570,626,60,14,24,9,180,178,4,0,11,2,0,0,23.75,91.05431309904152,44.5,5.933333333333334
33b3d2df,GJ Delany,ODI,19,16,217,228,20,6,12,11,348,371,6,0,9,1,0,0,18.083333333333332,95.17543859649122,61.833333333333336,6.396551724137931
33cb3411,Younis Khan,ODI,177,168,4777,6411,388,36,159,15,212,215,1,1,89,19,0,10,30.044025157232703,74.51255654344095,215.0,6.084905660377358
33f28243,Naved-ul-Hasan,ODI,62,42,449,519,31,14,27,60,2842,2600,86,21,10,5,0,3,16.62962962962963,86.51252408477842,30.232558139534884,5.489092188599577
340db614,A Maregwede,ODI,8,8,108,182,10,1,7,0,0,0,0,0,2,0,0,0,15.428571428571429,59.34065934065934,,
342d8ade,CRD Fernando,ODI,89,34,175,266,17,2,17,85,3910,3442,108,31,8,7,0,3,10.294117647058824,65.78947368421053,31.87037037037037,5.281841432225065
34464143,Zeeshan Maqsood,ODI,46,45,1196,1855,101,15,40,44,2129,1500,54,22,17,4,0,3,29.9,64.4743935309973,27.77777777777778,4.227336777829968
3473e5f2,DS Weerakkody,ODI,3,3,73,67,9,1,3,0,0,0,0,0,2,0,0,0,24.333333333333332,108.95522388059702,,
348195ea,GW Flower,ODI,24,21,627,963,54,2,18,17,605,457,9,2,11,1,0,2,34.833333333333336,65.10903426791276,50.77777777777778,4.532231404958678
34b332d3,DC Drakes,ODI,3,2,11,18,0,0,2,3,114,73,2,1,1,0,0,0,5.5,61.111111111111114,36.5,3.8421052631578947
34c823b0,D Keulder,ODI,6,6,132,221,11,0,6,0,0,0,0,0,3,0,0,0,22.0,59.72850678733032,,
34cb2f69,Hamza Tahir,ODI,30,8,26,81,2,0,6,29,1406,1006,38,7,4,1,0,1,4.333333333333333,32.098765432098766,26.473684210526315,4.29302987197724
34d2ca48,LP van Troost,ODI,10,9,112,164,9,3,8,3,42,81,1,0,2,1,0,0,14.0,68.29268292682927,81.0,11.571428571428571
34ff9e07,PA de Silva,ODI,14,13,390,487,34,7,13,13,565,473,14,3,4,0,0,0,30.0,80.08213552361396,33.785714285714285,5.023008849557522
350bb1b1,AF Milne,ODI,49,22,180,211,11,4,14,47,2182,1989,57,10,21,0,0,0,12.857142857142858,85.30805687203792,34.89473684210526,5.469294225481209
35205dfc,DR Smith,ODI,87,74,1261,1430,120,48,70,60,2185,1852,52,14,24,7,0,3,18.014285714285716,88.18181818181819,35.61538461538461,5.085583524027459
3560a786,C Madande,ODI,20,16,294,415,29,0,15,0,0,0,0,0,11,5,1,0,19.6,70.8433734939759,,
3576e47e,S Badrinath,ODI,7,6,79,173,4,0,5,0,0,0,0,0,2,0,0,0,15.8,45.664739884393065,,
35971419,Waqas Khan,ODI,6,4,52,106,3,0,3,0,0,0,0,0,0,0,0,0,17.333333333333332,49.056603773584904,,
359e430a,DCC Borden,ODI,4,4,23,84,2,0,4,4,78,91,3,0,0,0,0,0,5.75,27.380952380952383,30.333333333333332,7.0
35aa26af,A Flower,ODI,8,7,332,472,30,1,7,0,0,0,0,0,1,0,0,0,47.42857142857143,70.33898305084746,,
35f173a0,MP Breetzke,ODI,12,12,706,743,60,17,11,0,0,0,0,0,1,1,0,1,64.18181818181819,95.02018842530283,,
35f4cf7e,Kamran Ghulam,ODI,11,7,210,213,19,9,7,2,24,16,1,0,4,0,0,2,30.0,98.59154929577466,16.0,4.0
364ee2cf,SJ Benn,ODI,45,29,182,242,19,3,23,44,2279,1860,35,12,9,3,0,0,7.913043478260869,75.20661157024794,53.142857142857146,4.896884598508118
365229a8,K Doriga,ODI,34,33,520,927,46,11,32,0,0,0,0,0,16,6,6,0,16.25,56.09492988133765,,
3674b3c1,K Phillip,ODI,3,1,0,2,0,0,1,3,153,159,3,1,0,0,0,0,0.0,0.0,53.0,6.235294117647059
36d33dd0,RR Sarwan,ODI,120,113,3717,5143,316,38,97,18,371,390,14,3,26,3,0,6,38.31958762886598,72.27299241687732,27.857142857142858,6.307277628032344
36fc8d18,GM Ewing,ODI,6,6,77,115,7,0,6,6,270,183,5,0,1,0,0,0,12.833333333333334,66.95652173913044,36.6,4.066666666666666
3703d634,S Weerakoon,ODI,2,0,0,0,0,0,0,1,60,49,1,0,0,0,0,0,,,49.0,4.9
37137c8b,BV Vitori,ODI,20,11,63,75,5,4,8,20,1022,998,29,3,1,2,0,2,7.875,84.0,34.41379310344828,5.859099804305283
37138918,Afif Hossain,ODI,31,27,594,705,54,9,23,10,111,116,3,1,11,3,0,1,25.82608695652174,84.25531914893617,38.666666666666664,6.27027027027027
372455c4,Q de Kock,ODI,159,159,7014,7390,791,131,151,0,0,0,0,0,207,18,18,20,46.450331125827816,94.91204330175913,,
37312a74,Mudassar Bukhari,ODI,15,12,126,182,5,4,11,15,588,495,15,8,1,1,0,0,11.454545454545455,69.23076923076923,33.0,5.051020408163265
374bb5e7,K Klein,ODI,24,15,160,251,9,2,11,23,1132,916,45,16,2,1,0,1,14.545454545454545,63.745019920318725,20.355555555555554,4.855123674911661
37654b75,Nasum Ahmed,ODI,18,11,171,206,17,6,9,17,865,655,18,13,4,0,0,1,19.0,83.00970873786407,36.388888888888886,4.543352601156069
3766056b,BJ McCarthy,ODI,35,21,169,269,14,2,17,35,1761,1748,56,11,10,0,0,0,9.941176470588236,62.825278810408925,31.214285714285715,5.955706984667803
37b67a54,MDJ Walker,ODI,1,0,0,0,0,0,0,1,30,25,0,0,1,0,0,0,,,,5.0
37f501d7,HH Streak,ODI,31,27,736,1106,58,9,16,30,1488,1040,41,23,10,0,0,2,46.0,66.54611211573237,25.365853658536587,4.193548387096774
3812d56b,MH Yardy,ODI,27,24,326,490,20,1,16,27,1272,1034,18,7,6,1,0,0,20.375,66.53061224489795,57.44444444444444,4.877358490566038
38214163,M Faraz Akram,ODI,3,2,6,12,1,0,2,3,168,164,3,0,1,0,0,0,3.0,50.0,54.666666666666664,5.857142857142857
383dd431,TD Astle,ODI,9,4,79,80,5,2,3,8,270,246,10,1,2,0,0,0,26.333333333333332,98.75,24.6,5.466666666666667
3847ec84,JI de Villiers,ODI,8,7,28,65,1,1,6,5,138,154,2,1,0,0,0,0,4.666666666666667,43.07692307692308,77.0,6.695652173913044
39086549,JR Philippe,ODI,4,4,102,121,11,4,4,0,0,0,0,0,4,0,0,0,25.5,84.29752066115702,,
390ff45b,Abdul Razzaq,ODI,116,100,2327,2689,174,67,70,112,4373,3599,96,39,16,5,0,9,33.24285714285714,86.53774637411678,37.489583333333336,4.938028813171735
395179e8,D Parashar,ODI,12,12,192,313,13,4,8,12,536,385,10,7,3,3,0,0,24.0,61.34185303514377,38.5,4.309701492537314
3967930c,RL Johnson,ODI,9,3,16,21,1,1,3,8,354,205,9,6,0,1,0,0,5.333333333333333,76.19047619047619,22.77777777777778,3.4745762711864407
39713d08,Mohammad Boota,ODI,7,7,173,240,12,6,6,1,12,10,0,0,0,0,1,0,28.833333333333332,72.08333333333333,,5.0
3979b5e0,L Tucker,ODI,53,43,844,1045,79,9,37,0,0,0,0,0,70,6,3,0,22.81081081081081,80.76555023923446,,
397f4d3a,BM Wheeler,ODI,6,4,58,47,4,3,0,6,309,315,8,3,1,2,0,0,,123.40425531914893,39.375,6.116504854368932
39ef812b,S Keshvani,ODI,1,0,0,0,0,0,0,0,0,0,0,0,0,0,0,0,,,,
39f01cdb,KP Pietersen,ODI,125,118,4202,4990,402,71,103,22,389,364,7,0,35,10,0,9,40.79611650485437,84.20841683366733,52.0,5.614395886889461
3a026eb4,Rizwan Cheema,ODI,13,13,196,167,23,9,12,13,491,432,12,4,4,0,0,0,16.333333333333332,117.36526946107784,36.0,5.279022403258656
3a0f6df2,Zulfiqar Babar,ODI,5,5,35,40,2,1,2,5,294,246,4,1,0,0,0,0,17.5,87.5,61.5,5.020408163265306
3a60e0b5,WD Parnell,ODI,73,42,574,743,43,9,28,69,3224,3010,99,20,11,8,0,4,20.5,77.25437415881561,30.404040404040405,5.601736972704714
3a7ea906,VJ Kingma,ODI,27,10,15,48,0,1,7,27,1208,1036,38,14,4,1,0,0,2.142857142857143,31.25,27.263157894736842,5.14569536423841
3a9adcce,CJ Smith,ODI,5,5,27,48,2,2,5,0,0,0,0,0,1,0,0,0,5.4,56.25,,
3abe1ef6,A Ndlovu,ODI,2,0,0,0,0,0,0,2,102,80,1,0,0,0,0,0,,,80.0,4.705882352941177
3b041a12,Tamim Iqbal,ODI,218,215,7648,9979,841,96,203,2,6,13,0,0,64,4,0,14,37.67487684729064,76.6409459865718,,13.0
3b417422,T Panyangara,ODI,50,38,192,389,17,3,32,50,2566,2419,50,29,9,2,0,0,6.0,49.3573264781491,48.38,5.656274356975838
3b50c63a,KS Lokuarachchi,ODI,14,12,164,217,7,3,11,14,660,499,16,5,4,2,0,0,14.909090909090908,75.57603686635944,31.1875,4.536363636363636
3b53243a,XC Bartlett,ODI,8,5,64,71,4,3,5,8,385,299,19,5,2,0,0,2,12.8,90.14084507042254,15.736842105263158,4.65974025974026
3b8e7647,SP Krishnamurthi,ODI,20,16,348,352,20,17,13,9,118,89,4,1,13,1,0,0,26.76923076923077,98.86363636363636,22.25,4.525423728813559
3bea1983,DT Doram,ODI,2,0,0,0,0,0,0,1,48,31,0,1,0,0,0,0,,,,3.875
3c00e140,Lovepreet Singh,ODI,2,2,9,26,1,0,2,0,0,0,0,0,2,0,0,0,4.5,34.61538461538461,,
3c4007d3,Sagar Pun,ODI,1,1,3,20,0,0,1,0,0,0,0,0,0,0,0,0,3.0,15.0,,
3c55c703,JG Bethell,ODI,24,22,712,806,69,18,21,16,346,430,9,1,4,0,0,2,33.904761904761905,88.33746898263027,47.77777777777778,7.456647398843931
3c6ffae8,YK Pathan,ODI,57,41,810,736,62,43,30,50,1490,1365,34,3,15,6,0,2,27.0,110.05434782608697,40.14705882352941,5.496644295302013
3c87f0c3,JN Frylinck,ODI,53,49,1224,1704,93,17,42,31,1256,922,35,15,18,1,0,6,29.142857142857142,71.83098591549296,26.34285714285714,4.404458598726115
3cacbb57,A Martin,ODI,9,5,10,29,0,0,1,9,444,296,11,5,3,2,0,1,10.0,34.48275862068966,26.90909090909091,4.0
3cae1e0b,Anop Santosh,ODI,1,1,2,9,0,0,1,0,0,0,0,0,2,0,0,0,2.0,22.22222222222222,,
3ce127f2,Asif Iqbal (1),ODI,1,1,8,8,2,0,1,1,24,32,0,0,0,0,0,0,8.0,100.0,,8.0
3cf5ae43,Yasir Arafat,ODI,9,5,64,103,7,1,3,8,342,308,2,2,2,1,0,0,21.333333333333332,62.13592233009708,154.0,5.4035087719298245
3cf83487,AJ Bichel,ODI,27,14,258,291,17,8,8,26,1242,918,31,12,8,1,0,1,32.25,88.65979381443299,29.612903225806452,4.434782608695652
3d0ed2f9,JT Ball,ODI,18,6,38,50,6,0,4,18,947,980,22,3,5,0,0,2,9.5,76.0,44.54545454545455,6.2090813093980985
3d189742,Shabbir Ahmed,ODI,15,6,6,15,0,0,3,15,748,566,16,10,4,0,0,0,2.0,40.0,35.375,4.540106951871658
3d284ca3,PD Salt,ODI,32,30,976,861,133,20,30,0,0,0,0,0,16,1,0,0,32.53333333333333,113.35656213704995,,
3d5d51a5,T Marumani,ODI,18,16,216,343,23,3,14,0,0,0,0,0,10,1,0,0,15.428571428571429,62.973760932944614,,
3d8feaf8,MR Marsh,ODI,97,93,3066,3314,283,101,81,69,2195,2011,57,9,35,2,0,9,37.851851851851855,92.51659625829814,35.280701754385966,5.497038724373577
3de06845,S Vesawkar,ODI,3,3,62,140,5,0,2,1,36,21,2,1,1,0,0,0,31.0,44.285714285714285,10.5,3.5
3df3f50b,Waheed Ahmed,ODI,7,6,73,131,8,2,5,6,120,94,1,0,4,0,0,0,14.6,55.72519083969466,94.0,4.7
3e326efc,JNT Vare,ODI,5,5,35,71,1,0,5,0,0,0,0,0,3,1,1,0,7.0,49.29577464788733,,
3e51db81,C Zhuwao,ODI,8,8,154,137,18,9,8,2,19,21,0,0,1,0,0,0,19.25,112.40875912408758,,6.631578947368421
3e722460,CR Foggo,ODI,1,1,6,5,0,0,1,0,0,0,0,0,0,0,0,0,6.0,120.0,,
3e91a87f,TJ Friend,ODI,8,7,132,175,14,2,7,4,51,67,1,0,2,2,0,0,18.857142857142858,75.42857142857143,67.0,7.882352941176471
3eac9d95,JDP Oram,ODI,106,70,1546,1762,115,51,61,103,4760,3478,121,58,37,7,0,4,25.34426229508197,87.74120317820659,28.74380165289256,4.384033613445378
3eb7c45d,Imran Nazir,ODI,21,21,531,604,70,12,21,0,0,0,0,0,8,1,0,1,25.285714285714285,87.91390728476821,,
3edb58fc,AD Mascarenhas,ODI,20,13,245,262,12,13,11,20,822,634,13,4,3,2,0,0,22.272727272727273,93.51145038167938,48.76923076923077,4.627737226277373
3ee0050f,PM Liyanagamage,ODI,10,9,53,122,6,0,7,10,376,446,8,2,3,0,0,0,7.571428571428571,43.44262295081967,55.75,7.117021276595745
3ee90b67,Khalid Kail,ODI,5,5,117,158,14,1,5,0,0,0,0,0,2,0,0,0,23.4,74.0506329113924,,
3f18724b,MC Sorensen,ODI,10,7,119,153,11,3,5,10,447,435,12,4,3,0,0,0,23.8,77.77777777777779,36.25,5.8389261744966445
3f4b9ae5,Abdul Jabbar,ODI,2,2,59,86,9,1,2,0,0,0,0,0,1,0,0,0,29.5,68.6046511627907,,
3f5f39cd,Al-Amin Hossain,ODI,15,6,4,20,0,0,2,15,663,608,22,7,1,2,0,0,2.0,20.0,27.636363636363637,5.502262443438914
3f61a062,BTJ Wheal,ODI,13,6,47,65,6,0,6,12,616,412,18,13,2,0,0,0,7.833333333333333,72.3076923076923,22.88888888888889,4.012987012987013
3f659464,OP Stone,ODI,10,6,24,35,2,0,3,9,394,399,9,2,2,0,0,0,8.0,68.57142857142857,44.333333333333336,6.076142131979695
3fb197cd,TMK Mawoyo,ODI,7,7,58,166,4,0,7,0,0,0,0,0,2,3,0,0,8.285714285714286,34.93975903614458,,
3fb19989,MA Starc,ODI,126,68,579,770,43,14,49,126,6452,5661,241,51,45,1,0,11,11.816326530612244,75.1948051948052,23.489626556016596,5.264414135151891
3fb56752,Shahid Ahmadzai,ODI,6,6,38,66,3,0,4,6,306,181,5,9,2,0,0,0,9.5,57.57575757575758,36.2,3.549019607843137
3fbb43a9,Saad Nasim,ODI,3,3,99,125,9,1,2,2,36,46,0,0,0,0,0,0,49.5,79.2,,7.666666666666667
3fc3b204,Mushfiqur Rahman,ODI,14,14,208,416,19,0,12,14,643,498,8,9,3,1,0,0,17.333333333333332,50.0,62.25,4.6469673405909795
3feda4fa,RL Chase,ODI,64,49,1037,1352,76,14,42,56,2338,1981,40,12,25,6,0,1,24.69047619047619,76.70118343195266,49.525,5.083832335329341
3ff033bb,MD Shanaka,ODI,62,56,1153,1317,87,38,51,40,915,839,21,3,16,2,0,1,22.607843137254903,87.54745634016705,39.95238095238095,5.501639344262295
400e2d4d,FDM Karunaratne,ODI,42,38,1044,1363,100,1,35,2,16,18,0,0,12,2,0,1,29.82857142857143,76.59574468085107,,6.75
40c041ea,Imam-ul-Haq,ODI,69,68,2854,3543,236,29,63,0,0,0,0,0,13,0,0,3,45.301587301587304,80.55320349985887,,
4167f30b,IG Holland,ODI,15,14,368,481,27,3,14,14,628,466,19,4,5,0,0,0,26.285714285714285,76.50727650727652,24.526315789473685,4.452229299363057
4175d211,SK Springer,ODI,3,2,18,27,1,1,2,3,114,133,2,0,1,0,0,0,9.0,66.66666666666666,66.5,7.0
4180d897,JE Taylor,ODI,80,38,258,300,29,5,31,78,3803,3351,113,28,16,3,0,3,8.32258064516129,86.0,29.654867256637168,5.286878779910596
41c8bae3,KT Sandher,ODI,4,1,2,6,0,0,1,4,210,165,6,1,0,1,0,0,2.0,33.33333333333333,27.5,4.714285714285714
41eb4a4f,R Vinay Kumar,ODI,31,12,86,150,5,2,9,31,1436,1423,38,17,6,4,0,0,9.555555555555555,57.333333333333336,37.44736842105263,5.945682451253481
41fc1ece,BB Chari,ODI,14,14,186,412,12,2,14,0,0,0,0,0,3,0,1,0,13.285714285714286,45.14563106796117,,
42172c3c,JT Smuts,ODI,6,5,180,233,20,1,4,4,180,164,4,1,2,0,0,1,45.0,77.25321888412017,41.0,5.466666666666667
424a7994,Nilansh Keswani,ODI,2,2,18,34,1,0,2,2,54,57,1,0,1,0,0,0,9.0,52.94117647058824,57.0,6.333333333333333
42537f07,JA Rudolph,ODI,28,25,820,1228,81,1,19,0,0,0,0,0,6,1,0,0,43.1578947368421,66.77524429967427,,
4277234d,Sufiyan Muqeem,ODI,4,3,15,17,1,1,1,4,222,182,8,1,0,0,0,0,15.0,88.23529411764706,22.75,4.918918918918919
42a05795,GW Aldridge,ODI,2,0,0,0,0,0,0,2,114,98,1,1,0,0,0,0,,,98.0,5.157894736842105
42bf1b7d,H Carlyon,ODI,4,4,125,149,13,6,4,4,180,141,2,2,0,0,0,0,31.25,83.89261744966443,70.5,4.7
42d1b920,WCA Ganegama,ODI,2,1,7,8,1,0,1,2,42,61,0,0,1,0,0,0,7.0,87.5,,8.714285714285714
431f8af4,Tayyab Tahir,ODI,11,10,181,185,18,3,8,0,0,0,0,0,4,1,0,0,22.625,97.83783783783784,,
4329fbb5,SR Watson,ODI,164,150,5357,5949,542,123,128,140,5575,4673,147,24,54,5,0,15,41.8515625,90.04874768868717,31.789115646258505,5.029237668161435
4347a4ae,AJ Burger,ODI,6,6,199,204,25,3,6,5,96,104,3,0,0,0,0,1,33.166666666666664,97.54901960784314,34.666666666666664,6.5
434e36b1,UDU Chandana,ODI,27,20,261,397,19,2,16,26,1235,1004,36,3,7,0,0,2,16.3125,65.74307304785894,27.88888888888889,4.877732793522267
436c763a,BJ McMullen,ODI,44,39,1491,1625,143,46,35,40,1829,1391,62,27,24,4,0,7,42.6,91.75384615384615,22.43548387096774,4.563149261891744
4373c57e,JH Stander,ODI,2,2,34,42,0,3,1,2,72,79,2,1,1,0,0,0,34.0,80.95238095238095,39.5,6.583333333333333
43936951,DR Tuffey,ODI,38,21,188,200,13,6,17,38,1881,1575,46,23,5,4,0,2,11.058823529411764,94.0,34.23913043478261,5.023923444976076
43b375d4,Abdur Rauf,ODI,4,0,0,0,0,0,0,4,214,212,8,1,1,0,0,1,,,26.5,5.94392523364486
43f4087c,NA Rock,ODI,3,2,7,25,0,0,2,0,0,0,0,0,2,1,0,0,3.5,28.000000000000004,,
441b1b20,LS Baker,ODI,7,3,11,17,2,0,1,6,270,220,7,5,0,0,0,0,11.0,64.70588235294117,31.428571428571427,4.888888888888889
4487cc09,LOB Cann,ODI,11,10,214,174,23,10,10,2,71,88,1,0,0,0,0,0,21.4,122.98850574712642,88.0,7.436619718309859
449f4e3c,B Muzarabani,ODI,50,33,119,224,9,3,20,49,2451,2065,61,21,14,1,0,1,5.95,53.125,33.85245901639344,5.055079559363525
44a2bb4f,U Bhagwan,ODI,4,2,26,28,2,1,1,4,147,172,3,1,1,0,0,0,26.0,92.85714285714286,57.333333333333336,7.020408163265306
44d6a8b8,Ayan Khan,ODI,39,35,948,1294,87,15,34,33,1149,923,24,9,13,4,0,0,27.88235294117647,73.2612055641422,38.458333333333336,4.819843342036553
45477249,MO Odumbe,ODI,10,10,324,363,31,2,7,8,360,305,7,1,5,1,0,1,46.285714285714285,89.25619834710744,43.57142857142857,5.083333333333333
4557dc54,PA van Meekeren,ODI,34,23,111,162,8,3,16,34,1708,1535,59,12,6,2,0,3,6.9375,68.51851851851852,26.016949152542374,5.3922716627634655
45642393,Muhammad Usman,ODI,35,34,888,1212,80,20,30,0,0,0,0,0,9,0,0,0,29.6,73.26732673267327,,
45963d9e,N Dickwella,ODI,55,52,1604,1758,187,12,51,0,0,0,0,0,41,3,11,1,31.45098039215686,91.2400455062571,,
45a43fe2,RD Gaikwad,ODI,9,8,228,259,28,2,8,0,0,0,0,0,4,0,0,0,28.5,88.03088803088804,,
45a7e761,Shaheen Shah Afridi,ODI,71,38,321,380,28,13,23,70,3539,3340,133,31,17,1,0,3,13.956521739130435,84.47368421052632,25.112781954887218,5.662616558349816
45c2196c,DE Bollinger,ODI,39,7,50,54,5,0,6,39,1941,1482,62,25,9,0,0,3,8.333333333333334,92.5925925925926,23.903225806451612,4.581143740340031
45d4cb14,RD Shah,ODI,14,14,407,647,49,2,14,0,0,0,0,0,6,0,0,0,29.071428571428573,62.90571870170015,,
45de8d3e,Samiullah Khan,ODI,2,0,0,0,0,0,0,2,120,115,0,0,0,0,0,0,,,,5.75
45df0e72,CJ Bowes,ODI,6,6,99,121,15,0,6,0,0,0,0,0,4,0,0,0,16.5,81.81818181818183,,
45eda7c8,CA Lynn,ODI,4,4,75,92,6,3,4,0,0,0,0,0,3,0,0,0,18.75,81.52173913043478,,
46050f42,GA Rogers,ODI,5,2,32,50,5,0,2,4,152,138,4,2,1,1,0,0,16.0,64.0,34.5,5.447368421052632
462411b3,JJ Bumrah,ODI,89,22,110,176,13,2,12,88,4574,3507,145,55,17,4,0,4,9.166666666666666,62.5,24.186206896551724,4.600349803235679
462d7c62,D Paterson,ODI,4,0,0,0,0,0,0,4,209,217,4,1,2,0,0,0,,,54.25,6.229665071770334
463cd7cb,CD Cumming,ODI,6,6,42,101,5,0,6,0,0,0,0,0,2,1,0,0,7.0,41.584158415841586,,
465aa633,N Burger,ODI,12,7,39,95,2,0,3,12,563,575,21,3,0,1,0,0,13.0,41.05263157894737,27.38095238095238,6.127886323268206
4663bd23,TL Seifert,ODI,4,3,59,57,3,2,3,0,0,0,0,0,10,0,1,0,19.666666666666668,103.50877192982458,,
469ccead,CB Sole,ODI,29,13,67,84,8,0,10,29,1418,1190,52,14,8,1,0,2,6.7,79.76190476190477,22.884615384615383,5.035260930888575
469ea22b,KMDN Kulasekara,ODI,179,117,1323,1660,95,39,85,176,8029,6615,192,91,43,20,0,4,15.564705882352941,79.6987951807229,34.453125,4.943330427201395
474a8333,Nasir Javed,ODI,1,1,2,20,0,0,0,0,0,0,0,0,0,0,0,0,,10.0,,
4751caa3,CBRLS Kumara,ODI,28,17,58,137,8,1,11,28,1156,1250,36,2,5,1,0,1,5.2727272727272725,42.33576642335766,34.72222222222222,6.4878892733564015
478a63e7,C Campher,ODI,38,30,963,1212,97,13,28,33,1072,1003,32,5,10,9,0,2,34.392857142857146,79.45544554455446,31.34375,5.613805970149254
47c5aae7,AM Bacher,ODI,5,5,102,181,12,0,5,3,108,64,3,0,1,0,0,0,20.4,56.353591160220994,21.333333333333332,3.5555555555555554
47d00fb5,RL Bhudia,ODI,1,1,22,15,1,1,1,1,48,23,1,3,0,0,0,0,22.0,146.66666666666666,23.0,2.875
480ed517,Imran Farhat,ODI,44,44,1232,1909,140,9,42,3,51,43,2,0,10,2,0,1,29.333333333333332,64.53640649554741,21.5,5.0588235294117645
48301a4b,D la Cock,ODI,15,15,313,475,38,6,14,1,12,9,0,0,8,1,0,0,22.357142857142858,65.89473684210526,,4.5
4861d29b,Mohammad Naveed,ODI,31,27,275,267,23,16,20,31,1521,1361,45,12,4,0,0,2,13.75,102.99625468164794,30.244444444444444,5.368836291913215
487b8546,MW Jones,ODI,3,1,9,5,0,1,0,3,120,161,4,0,4,0,0,0,,180.0,40.25,8.05
488b7e1b,SHT Kandamby,ODI,35,32,827,1198,68,0,26,9,174,173,2,1,7,0,0,0,31.807692307692307,69.03171953255426,86.5,5.9655172413793105
489aaf0a,Parvez Hossain Emon,ODI,3,3,108,133,13,3,3,0,0,0,0,0,1,0,0,0,36.0,81.203007518797,,
48a1d7b7,SO Hetmyer,ODI,52,48,1509,1435,110,59,44,0,0,0,0,0,20,0,0,5,34.29545454545455,105.15679442508711,,
48ad3373,BM Tickner,ODI,18,9,53,71,5,0,4,18,857,913,29,4,5,2,0,2,13.25,74.64788732394366,31.482758620689655,6.3920653442240365
48f177f5,AJ Redmond,ODI,6,6,152,266,19,0,6,0,0,0,0,0,3,0,0,0,25.333333333333332,57.14285714285714,,
48fa71c3,Mohammad Iqbal,ODI,2,2,33,56,6,0,2,0,0,0,0,0,0,1,0,0,16.5,58.92857142857143,,
48fd7349,MEK Hussey,ODI,175,148,5076,6012,354,70,110,13,240,235,2,1,100,7,0,11,46.14545454545455,84.4311377245509,117.5,5.875
49118dc7,SO Ngoche,ODI,6,5,37,45,1,2,4,5,258,217,6,0,0,0,0,0,9.25,82.22222222222221,36.166666666666664,5.046511627906977
49212b50,DA Minors,ODI,8,8,104,176,10,4,8,0,0,0,0,0,8,1,1,0,13.0,59.09090909090909,,
4933f499,JP Behrendorff,ODI,12,6,21,23,0,0,3,12,645,568,16,6,3,0,0,0,7.0,91.30434782608695,35.5,5.283720930232558
4948a447,Farhad Reza,ODI,27,25,316,522,34,6,21,25,809,784,14,6,7,1,0,0,15.047619047619047,60.53639846743295,56.0,5.814585908529048
4957b300,A Neill,ODI,9,6,29,43,2,0,2,9,431,342,14,2,2,1,0,1,14.5,67.44186046511628,24.428571428571427,4.761020881670534
495d42a5,R Ashwin,ODI,115,61,707,831,60,7,43,113,6244,5154,154,35,27,4,0,3,16.441860465116278,85.07821901323706,33.467532467532465,4.952594490711082
49691d7a,CB Mpofu,ODI,65,30,40,170,0,0,15,64,3027,2827,56,24,6,7,0,1,2.6666666666666665,23.52941176470588,50.482142857142854,5.603567888999009
4992d6f6,ST Doheny,ODI,11,9,165,275,16,2,9,0,0,0,0,0,3,0,1,0,18.333333333333332,60.0,,
49b6c09f,JC Tredwell,ODI,44,25,163,247,9,4,14,43,2062,1641,59,16,11,1,0,3,11.642857142857142,65.9919028340081,27.8135593220339,4.774975751697381
49dc9cb4,KAR Hodge,ODI,4,3,37,48,5,0,3,4,108,113,2,0,0,0,0,0,12.333333333333334,77.08333333333334,56.5,6.277777777777778
49dfe4a4,EJ Richardson,ODI,1,1,12,18,2,0,1,1,18,15,0,0,0,0,0,0,12.0,66.66666666666666,,5.0
4a25c894,HAPW Jayawardene,ODI,3,2,4,10,0,0,2,0,0,0,0,0,3,1,1,0,2.0,40.0,,
4a36c370,N Madziva,ODI,9,8,59,123,5,0,7,9,396,409,13,0,1,0,0,0,8.428571428571429,47.96747967479675,31.46153846153846,6.196969696969697
4a461c24,LA Dawson,ODI,10,7,133,161,10,2,7,9,456,413,9,2,4,0,0,0,19.0,82.6086956521739,45.888888888888886,5.434210526315789
4a745f65,AR Nurse,ODI,48,35,454,464,40,12,25,45,2153,1988,44,3,12,0,0,1,18.16,97.84482758620689,45.18181818181818,5.5401764979098935
4a84f573,T Duffin,ODI,9,9,224,492,24,0,9,0,0,0,0,0,1,0,0,0,24.88888888888889,45.52845528455284,,
4a8a2e3b,MS Dhoni,ODI,331,279,10274,12090,787,210,200,2,36,31,1,0,308,85,118,20,51.37,84.97932175351531,31.0,5.166666666666667
4aad78d3,K Zondo,ODI,6,6,146,235,8,3,5,0,0,0,0,0,1,0,0,0,29.2,62.12765957446808,,
4ae1755b,HC Brook,ODI,39,39,1294,1267,114,56,35,0,0,0,0,0,19,2,0,4,36.97142857142857,102.13101815311761,,
4aef496b,Nazimuddin,ODI,11,11,147,246,18,2,11,0,0,0,0,0,1,0,0,0,13.363636363636363,59.756097560975604,,
4b167ede,AWJ Auguste,ODI,9,9,205,273,20,6,9,1,18,12,0,0,4,0,0,0,22.77777777777778,75.0915750915751,,4.0
4b2d6789,TS Chisoro,ODI,12,9,109,155,8,2,8,10,480,382,12,3,0,0,0,1,13.625,70.3225806451613,31.833333333333332,4.775
4b57e452,M Vijay,ODI,17,16,339,516,33,3,16,2,36,37,1,0,9,1,0,1,21.1875,65.69767441860465,37.0,6.166666666666667
4ba44e19,M Muralitharan,ODI,126,64,317,386,30,7,43,124,6717,4579,190,53,21,10,0,6,7.372093023255814,82.12435233160622,24.1,4.090218847699866
4bc0a378,WP Masakadza,ODI,35,23,246,391,22,2,19,32,1386,1182,22,3,11,2,0,0,12.947368421052632,62.9156010230179,53.72727272727273,5.116883116883117
4c3bd588,Sami Faridi,ODI,1,1,16,26,1,0,1,1,36,27,0,0,0,0,0,0,16.0,61.53846153846154,,4.5
4c4a06fb,Nasir Jamshed,ODI,48,48,1418,1931,150,19,46,0,0,0,0,0,13,2,0,3,30.82608695652174,73.43345416882444,,
4c4fa80b,SMSM Senanayake,ODI,49,33,290,321,31,6,22,47,2358,1874,53,11,17,4,0,1,13.181818181818182,90.34267912772586,35.35849056603774,4.768447837150127
4c5d73db,CR Woakes,ODI,119,84,1514,1714,118,21,63,116,5659,5111,173,51,40,6,0,5,24.03174603174603,88.3313885647608,29.54335260115607,5.418978618130412
4c61a0f9,NW Bracken,ODI,100,31,174,265,11,3,16,100,5009,3706,154,68,18,1,0,3,10.875,65.66037735849056,24.064935064935064,4.43920942303853
4c7df2c8,Mohammad Shahzad,ODI,3,3,49,68,5,2,3,3,156,132,8,3,0,0,0,1,16.333333333333332,72.05882352941177,16.5,5.076923076923077
4c931d56,AA Donald,ODI,3,0,0,0,0,0,0,3,149,133,1,2,0,0,0,0,,,133.0,5.355704697986577
4cbce738,D Daesrath,ODI,2,1,31,59,3,1,1,0,0,0,0,0,2,0,0,0,31.0,52.54237288135594,,
4cbf2e06,Saad Ali,ODI,2,2,11,23,0,0,2,0,0,0,0,0,0,0,0,0,5.5,47.82608695652174,,
4cd3960e,KADM Fernando,ODI,1,0,0,0,0,0,0,1,42,13,2,2,0,0,0,0,,,6.5,1.8571428571428572
4d05a82e,Mohammad Kashif,ODI,3,1,1,11,0,0,1,3,114,91,5,2,0,0,0,0,1.0,9.090909090909092,18.2,4.7894736842105265
4d1ec7eb,A Nao,ODI,19,15,54,71,4,1,7,19,842,713,18,5,8,2,0,1,7.714285714285714,76.05633802816901,39.611111111111114,5.080760095011876
4d220a66,CJ Nevin,ODI,7,7,83,151,10,0,7,0,0,0,0,0,1,0,0,0,11.857142857142858,54.966887417218544,,
4d3097d8,GJ Hopkins,ODI,21,16,236,317,19,2,16,0,0,0,0,0,17,5,1,0,14.75,74.44794952681389,,
4d6d6280,Salman Butt,ODI,64,63,2186,2932,274,7,62,6,69,90,0,0,16,2,0,5,35.25806451612903,74.55661664392906,,7.826086956521739
4d7f517e,AJ Hosein,ODI,40,30,309,409,18,12,21,40,2216,1777,65,14,14,4,0,0,14.714285714285714,75.55012224938875,27.338461538461537,4.811371841155235
4d84ad05,CJA Amini,ODI,45,45,952,1545,78,4,45,40,1592,1288,31,6,16,3,0,2,21.155555555555555,61.61812297734628,41.54838709677419,4.8542713567839195
4d9f9686,Soumya Sarkar,ODI,78,73,2337,2537,264,59,70,28,588,595,17,2,41,2,0,6,33.385714285714286,92.11667323610564,35.0,6.071428571428571
4dcd505e,Jamaluddin Ahmed,ODI,1,1,18,31,2,0,0,1,24,28,0,1,1,0,0,0,,58.06451612903226,,7.0
4e1b02fb,Kamran Hussain,ODI,2,1,28,21,2,0,0,2,102,67,3,0,0,0,0,0,,133.33333333333331,22.333333333333332,3.9411764705882355
4e1b4323,TS Kamunhukamwe,ODI,12,12,131,169,15,5,12,0,0,0,0,0,1,0,0,0,10.916666666666666,77.51479289940828,,
4e1c9f6e,Sandeep Goud,ODI,37,28,535,766,32,22,21,6,90,78,0,0,19,3,0,1,25.476190476190474,69.84334203655352,,5.2
4e5cf2d6,Afzaal Haider,ODI,2,1,0,10,0,0,1,2,78,123,2,0,1,0,0,0,0.0,0.0,61.5,9.461538461538462
4ebc70ca,GT Main,ODI,15,3,82,89,7,1,1,15,668,592,33,11,8,0,0,1,82.0,92.13483146067416,17.939393939393938,5.317365269461078
4ec07775,RN ten Doeschate,ODI,14,13,594,682,65,7,10,14,681,636,19,6,3,1,0,2,59.4,87.09677419354838,33.473684210526315,5.60352422907489
4f629497,SE Bond,ODI,60,29,173,271,10,3,13,60,3282,2310,107,64,8,3,0,3,13.307692307692308,63.837638376383765,21.588785046728972,4.223034734917733
4f7279a4,Raza Hasan,ODI,1,1,0,3,0,0,1,1,60,68,1,0,0,0,0,0,0.0,0.0,68.0,6.8
4fc516bd,HMCM Bandara,ODI,26,13,130,185,6,4,9,23,1170,970,28,2,4,2,0,1,14.444444444444445,70.27027027027027,34.642857142857146,4.9743589743589745
4fe6be0c,Shah Faisal,ODI,2,1,7,14,0,0,1,2,120,123,3,1,0,0,0,0,7.0,50.0,41.0,6.15
4ff67681,MM Iqbal,ODI,2,2,16,58,0,0,2,1,36,45,0,0,0,0,0,0,8.0,27.586206896551722,,7.5
50250426,Asad Shafiq,ODI,58,56,1312,1986,102,5,52,2,12,18,0,0,13,0,0,0,25.23076923076923,66.06243705941591,,9.0
502b2c81,XJ Doherty,ODI,59,22,101,188,5,1,7,55,2745,2190,54,14,18,3,0,1,14.428571428571429,53.72340425531915,40.55555555555556,4.786885245901639
5056011d,GJ Bailey,ODI,88,83,3011,3672,222,55,74,0,0,0,0,0,48,5,0,4,40.689189189189186,81.99891067538127,,
50758325,B Geeves,ODI,2,1,10,11,1,0,0,2,90,78,3,0,1,0,0,0,,90.9090909090909,26.0,5.2
508a1ea7,SE Marsh,ODI,72,71,2622,3318,231,31,67,0,0,0,0,0,22,1,0,4,39.134328358208954,79.02350813743219,,
509a7ca1,MD Gunathilaka,ODI,46,45,1592,1899,171,20,44,22,402,371,8,1,14,0,0,2,36.18181818181818,83.83359662980516,46.375,5.537313432835821
50a92895,KY Ottley,ODI,4,4,41,76,5,1,4,0,0,0,0,0,1,0,0,0,10.25,53.94736842105263,,
50c6bc2b,LS Livingstone,ODI,37,34,912,867,55,50,28,29,878,921,22,2,13,0,0,2,32.57142857142857,105.19031141868511,41.86363636363637,6.29384965831435
51080a1f,JF Kloppenburg,ODI,4,4,149,240,9,4,4,4,188,136,7,0,1,1,0,1,37.25,62.083333333333336,19.428571428571427,4.340425531914894
513158ed,AM Samad,ODI,10,10,226,382,23,1,9,4,64,90,2,0,4,0,0,0,25.11111111111111,59.16230366492147,45.0,8.4375
5147ad5b,Aman Ali,ODI,1,1,0,2,0,0,1,1,12,22,0,0,0,1,0,0,0.0,0.0,,11.0
51a36d3e,GH Worker,ODI,10,10,272,389,23,3,8,1,6,5,0,0,5,0,0,0,34.0,69.9228791773779,,5.0
51a3c5ef,MJ McClenaghan,ODI,48,14,108,143,10,3,5,45,2336,2313,82,12,4,6,0,0,21.6,75.52447552447552,28.20731707317073,5.9409246575342465
51de2a80,DJ Cullen,ODI,4,0,0,0,0,0,0,4,201,132,2,4,2,0,0,0,,,66.0,3.9402985074626864
51e1ed69,SG Borthwick,ODI,2,2,18,16,1,1,2,2,54,72,0,0,0,1,0,0,9.0,112.5,,8.0
5208c0a1,DI Allan,ODI,2,2,18,48,2,0,2,1,18,13,0,0,1,0,0,0,9.0,37.5,,4.333333333333333
525c3f54,AR Adams,ODI,18,12,165,154,11,10,11,17,807,724,25,11,5,1,0,2,15.0,107.14285714285714,28.96,5.382899628252788
526e006d,Jay Odedra,ODI,22,8,31,60,0,3,6,22,852,568,22,10,4,0,0,0,5.166666666666667,51.66666666666667,25.818181818181817,4.0
5278cecc,Muhammed Imran,ODI,5,2,2,10,0,0,1,5,192,188,10,2,0,1,0,0,2.0,20.0,18.8,5.875
527b2c2d,Skhawat Ali,ODI,3,3,18,60,2,0,3,1,48,68,0,0,0,0,0,0,6.0,30.0,,8.5
527c2dab,C Floyd,ODI,9,4,12,19,2,0,3,9,378,319,4,1,2,0,0,0,4.0,63.1578947368421,79.75,5.063492063492063
5284c884,Mahbubul Alam,ODI,5,2,81,72,3,4,2,5,222,280,7,2,1,0,0,0,40.5,112.5,40.0,7.5675675675675675
52980a48,TN de Grooth,ODI,9,8,70,150,5,0,8,0,0,0,0,0,0,0,0,0,8.75,46.666666666666664,,
529eb9e0,OC McCoy,ODI,2,1,0,1,0,0,0,2,84,109,4,0,0,0,0,0,,0.0,27.25,7.785714285714286
52c952d9,T Sangha,ODI,6,4,6,24,0,0,2,6,258,253,4,4,0,0,0,0,3.0,25.0,63.25,5.883720930232558
52e8dd6b,Zaheer Maqsood,ODI,1,1,5,10,1,0,0,1,60,56,2,0,0,0,0,0,,50.0,28.0,5.6
52f96571,RJ Trott,ODI,4,4,95,194,7,0,2,4,190,157,8,0,2,0,0,0,47.5,48.96907216494845,19.625,4.957894736842105
5318ee68,Nahid Rana,ODI,13,5,12,31,2,0,0,13,730,563,30,3,2,0,0,2,,38.70967741935484,18.766666666666666,4.627397260273972
53597be1,BRM Taylor,ODI,163,162,5150,6970,480,66,153,16,258,277,4,0,103,17,17,4,33.66013071895425,73.8880918220947,69.25,6.441860465116279
537021f5,JT Brassell,ODI,17,9,9,33,0,0,6,16,750,625,23,5,5,0,0,0,1.5,27.27272727272727,27.17391304347826,5.0
53bc7b84,Aftab Ahmed,ODI,55,55,1061,1451,116,22,51,18,402,374,4,0,15,1,0,2,20.80392156862745,73.12198483804274,93.5,5.582089552238806
53fa62a2,Fahad Alhashmi,ODI,3,2,0,6,0,0,2,3,104,105,2,1,0,0,0,0,0.0,0.0,52.5,6.057692307692308
53fcbbfb,GP Thorpe,ODI,2,2,30,46,2,0,2,0,0,0,0,0,2,0,0,0,15.0,65.21739130434783,,
53fe6ee4,DS Lehmann,ODI,28,20,687,870,56,5,17,21,585,487,21,4,5,3,0,1,40.411764705882355,78.96551724137932,23.19047619047619,4.994871794871795
540ffb25,BL Kotze,ODI,5,4,27,52,3,0,3,5,258,276,3,1,1,1,0,0,9.0,51.92307692307693,92.0,6.4186046511627906
5426de63,HB Shipley,ODI,8,6,18,41,0,0,5,8,387,359,15,4,2,0,0,2,3.6,43.90243902439025,23.933333333333334,5.565891472868217
54279e23,Alok Kapali,ODI,39,37,613,910,51,8,36,25,734,640,16,4,12,2,0,0,17.02777777777778,67.36263736263737,40.0,5.231607629427793
543b4a1f,R Telemachus,ODI,4,3,41,20,2,3,3,4,216,213,7,1,2,0,0,0,13.666666666666666,204.99999999999997,30.428571428571427,5.916666666666667
543d3e69,KAD Hurdle,ODI,9,8,25,47,2,1,5,9,438,391,16,6,3,1,0,0,5.0,53.191489361702125,24.4375,5.3561643835616435
5441db8c,Aizaz Cheema,ODI,14,6,26,45,2,0,3,14,658,593,23,3,1,0,0,2,8.666666666666666,57.77777777777777,25.782608695652176,5.407294832826747
54501715,Badal Singh,ODI,2,1,5,12,0,0,1,2,60,70,0,0,2,0,0,0,5.0,41.66666666666667,,7.0
5471024e,JM Davison,ODI,16,16,443,393,50,15,14,15,618,511,18,7,8,0,0,3,31.642857142857142,112.72264631043257,28.38888888888889,4.961165048543689
54725e8b,IH Romaine,ODI,12,12,175,360,20,1,11,4,63,71,0,0,3,0,0,0,15.909090909090908,48.61111111111111,,6.761904761904762
547c5509,M Mpongwana,ODI,1,1,1,2,0,0,0,1,18,25,0,0,1,0,0,0,,50.0,,8.333333333333334
548d4188,KS Airee,ODI,3,3,27,24,2,0,1,3,114,109,2,0,0,0,0,0,27.0,112.5,54.5,5.7368421052631575
549aefcd,BJ Diamanti,ODI,1,1,26,23,3,0,0,1,12,25,0,0,1,0,0,0,,113.04347826086956,,12.5
5500c675,PC Connell,ODI,5,2,6,24,1,0,2,4,180,193,7,2,0,0,0,0,3.0,25.0,27.571428571428573,6.433333333333334
552b228c,Anshuman Rath,ODI,12,12,393,539,36,3,11,5,258,107,12,7,3,0,0,1,35.72727272727273,72.91280148423006,8.916666666666666,2.488372093023256
5531248e,MDK Perera,ODI,13,12,152,207,13,3,12,10,456,409,13,2,2,0,0,0,12.666666666666666,73.42995169082126,31.46153846153846,5.381578947368421
556302a7,SM Ervine,ODI,22,17,321,350,28,8,12,20,768,678,23,5,2,0,0,0,26.75,91.71428571428571,29.47826086956522,5.296875
5574750c,JC Archer,ODI,37,21,205,195,21,8,11,37,1961,1654,64,27,6,1,0,2,18.636363636363637,105.12820512820514,25.84375,5.060683324834269
55f33b32,JL Ontong,ODI,10,6,97,136,12,0,5,1,18,23,1,0,5,1,0,0,19.4,71.32352941176471,23.0,7.666666666666667
5661ef90,A Sharma,ODI,26,26,676,885,79,13,26,0,0,0,0,0,23,5,1,1,26.0,76.38418079096046,,
5673a3fc,NL McCullum,ODI,84,62,1070,1247,69,33,51,81,3536,2956,63,6,35,9,0,1,20.980392156862745,85.80593424218124,46.92063492063492,5.015837104072398
5680f1ad,CO Obuya,ODI,36,32,737,1040,58,15,29,22,831,683,21,5,13,6,0,2,25.413793103448278,70.86538461538461,32.523809523809526,4.931407942238267
568e5a4a,AR Cusack,ODI,32,23,264,422,23,2,15,27,974,848,32,7,3,0,0,1,17.6,62.55924170616114,26.5,5.2238193018480485
5691931a,Haseebullah Khan,ODI,2,2,0,14,0,0,2,0,0,0,0,0,3,1,0,0,0.0,0.0,,
5696c45d,Zahid Shirzad,ODI,3,0,0,0,0,0,0,3,168,153,6,0,0,0,0,0,,,25.5,5.464285714285714
56ab442f,NM Coulter-Nile,ODI,31,20,252,275,20,6,15,31,1630,1519,52,10,6,1,0,2,16.8,91.63636363636364,29.21153846153846,5.5914110429447845
56c205b7,PJ Forrest,ODI,15,14,368,577,34,4,14,0,0,0,0,0,4,0,0,0,26.285714285714285,63.77816291161178,,
571e1d2a,Shayan Jahangir,ODI,35,31,765,867,81,14,27,0,0,0,0,0,20,3,1,1,28.333333333333332,88.23529411764706,,
571f11e4,Tanveer Ahmed,ODI,6,3,4,12,0,0,0,6,229,208,5,1,1,1,0,0,,33.33333333333333,41.6,5.449781659388647
5748e866,TD Paine,ODI,34,34,861,1250,94,6,32,0,0,0,0,0,50,7,4,1,26.90625,68.88,,
5750bcb4,E Malinga,ODI,7,6,14,56,2,0,3,7,222,223,4,0,2,1,0,0,4.666666666666667,25.0,55.75,6.027027027027027
5791b840,Yasir Ali Chowdhury,ODI,6,5,101,106,8,4,5,0,0,0,0,0,2,0,0,0,20.2,95.28301886792453,,
579f2447,Surya Tamang,ODI,2,1,10,33,0,0,0,2,90,78,1,1,0,0,0,0,,30.303030303030305,78.0,5.2
57bd3ecc,Hammad Azam,ODI,10,6,79,131,5,2,5,7,138,129,2,0,2,1,0,0,15.8,60.30534351145038,64.5,5.608695652173913
57ee1fde,YS Chahal,ODI,71,14,77,144,8,0,9,68,3679,3247,119,16,7,0,0,4,8.555555555555555,53.47222222222222,27.285714285714285,5.295460723022561
57efa3be,SB Styris,ODI,111,97,3184,3970,260,41,82,93,3217,2497,67,24,50,4,0,6,38.829268292682926,80.2015113350126,37.26865671641791,4.657133975753808
58043739,TT Bresnan,ODI,84,63,871,984,89,7,44,83,4173,3779,107,30,18,6,0,0,19.795454545454547,88.51626016260163,35.3177570093458,5.433501078360892
582e9baa,CZ Harris,ODI,23,18,203,402,15,0,14,17,595,400,8,8,5,0,0,0,14.5,50.49751243781094,50.0,4.033613445378151
58431ca0,MADI Hemantha,ODI,4,3,17,21,2,1,1,3,156,143,2,0,1,0,0,0,17.0,80.95238095238095,71.5,5.5
585dda5d,KNA Bandara,ODI,6,5,141,217,9,1,4,1,6,8,0,0,3,0,0,0,35.25,64.97695852534562,,8.0
58c2fac4,A Athanaze,ODI,17,17,405,537,46,9,17,4,126,70,4,3,7,2,0,0,23.823529411764707,75.41899441340783,17.5,3.3333333333333335
5935d694,Rishad Hossain,ODI,18,14,183,143,13,13,11,18,845,769,28,0,5,0,0,2,16.636363636363637,127.97202797202797,27.464285714285715,5.4603550295857985
59559bc2,J Overton,ODI,12,9,240,222,29,8,9,11,362,341,13,2,5,2,0,0,26.666666666666668,108.10810810810811,26.23076923076923,5.651933701657458
59792462,KM Jarvis,ODI,41,28,195,320,18,3,20,41,2002,1728,50,19,8,1,0,1,9.75,60.9375,34.56,5.178821178821178
599ce28e,Ansh Tandon,ODI,1,1,10,18,1,0,1,0,0,0,0,0,0,0,0,0,10.0,55.55555555555556,,
59cc6b79,SJ Massiah,ODI,2,2,23,47,3,0,2,0,0,0,0,0,0,0,0,0,11.5,48.93617021276596,,
59ddd811,NE Bonner,ODI,6,6,85,140,6,0,5,3,65,55,1,0,1,0,0,0,17.0,60.71428571428571,55.0,5.076923076923077
59ea70a4,HT Tector,ODI,49,44,1775,2168,143,42,38,8,180,193,2,0,21,2,0,0,46.71052631578947,81.87269372693727,96.5,6.433333333333334
59f509ed,G Goudie,ODI,1,0,0,0,0,0,0,1,42,18,3,1,1,0,0,0,,,6.0,2.5714285714285716
5a22d91c,EMDY Munaweera,ODI,2,2,15,29,2,0,2,0,0,0,0,0,2,0,0,0,7.5,51.724137931034484,,
5a37ec26,MS Panesar,ODI,26,7,26,92,2,0,5,26,1308,980,25,9,3,4,0,0,5.2,28.26086956521739,39.2,4.495412844036697
5a4c12ab,Sohag Gazi,ODI,19,15,182,207,18,4,12,18,917,722,22,12,5,2,0,2,15.166666666666666,87.92270531400966,32.81818181818182,4.724100327153762
5a6bb1c7,Fayyaz Ahmed,ODI,2,2,41,98,5,0,0,2,102,69,0,1,0,0,0,0,,41.83673469387755,,4.0588235294117645
5a7405f1,Usman Salahuddin,ODI,2,2,13,28,0,0,2,0,0,0,0,0,1,0,0,0,6.5,46.42857142857143,,
5abdfd23,HS Modi,ODI,15,13,205,457,15,0,10,0,0,0,0,0,2,0,0,0,20.5,44.85776805251641,,
5ac8f17b,GJ Batty,ODI,6,4,25,58,1,0,3,5,252,183,4,1,2,0,0,0,8.333333333333334,43.103448275862064,45.75,4.357142857142857
5ad8c974,I Kaia,ODI,19,19,387,636,32,5,18,2,28,22,0,0,4,0,0,0,21.5,60.84905660377359,,4.714285714285714
5af592d2,G Snyman,ODI,5,4,5,9,1,0,4,5,288,281,6,0,0,1,0,0,1.25,55.55555555555556,46.833333333333336,5.854166666666667
5af743d0,Sohail Khan,ODI,13,6,25,52,2,0,5,13,666,597,19,4,3,2,0,0,5.0,48.07692307692308,31.42105263157895,5.378378378378378
5af87ad6,M Dillon,ODI,21,10,44,52,3,1,8,20,947,724,23,13,4,0,0,0,5.5,84.61538461538461,31.47826086956522,4.587117212249208
5b16a806,A Dananjaya,ODI,40,29,321,446,29,3,25,38,1995,1716,55,7,9,0,0,2,12.84,71.97309417040358,31.2,5.1609022556390975
5b1d6583,AK Sah,ODI,14,14,322,382,34,12,12,0,0,0,0,0,5,1,0,1,26.833333333333332,84.29319371727748,,
5b7ab5a9,CV Varun,ODI,4,0,0,0,0,0,0,4,240,190,10,0,0,0,0,1,,,19.0,4.75
5b8c830e,KH Pandya,ODI,5,4,130,131,11,2,2,5,228,223,2,1,1,0,0,0,65.0,99.23664122137404,111.5,5.868421052631579
5b8fffb4,GD Drummond,ODI,5,1,10,9,1,0,0,4,155,129,1,1,1,0,0,0,,111.11111111111111,129.0,4.993548387096775
5bb1a1c4,I Sharma,ODI,79,26,72,209,6,0,15,77,3709,3536,114,29,16,1,0,3,4.8,34.44976076555024,31.017543859649123,5.720140199514694
5bb5a915,M Morkel,ODI,116,42,268,364,24,7,29,113,5700,4700,187,43,29,4,0,5,9.241379310344827,73.62637362637363,25.13368983957219,4.947368421052632
5bbabe59,TL Chatara,ODI,70,45,176,369,15,2,22,70,3433,3092,93,35,4,2,0,1,8.0,47.696476964769644,33.24731182795699,5.404019807748325
5bd3bb5d,PJ Ingram,ODI,8,7,193,239,30,0,7,0,0,0,0,0,3,1,0,0,27.571428571428573,80.75313807531381,,
5bdcdb72,TM Dilshan,ODI,280,259,9212,10777,1022,50,229,180,5073,4161,87,20,92,25,0,24,40.22707423580786,85.47833348798368,47.827586206896555,4.921348314606742
5bdeeed4,Shivam Sharma,ODI,6,6,118,164,8,2,5,6,270,235,8,2,4,0,0,0,23.6,71.95121951219512,29.375,5.222222222222222
5be810ba,MD Dai,ODI,10,10,277,367,26,5,9,10,534,383,11,4,5,0,0,0,30.77777777777778,75.47683923705722,34.81818181818182,4.303370786516854
5c124657,Irfan Ahmed,ODI,3,3,55,81,9,1,3,3,150,140,4,1,2,0,0,0,18.333333333333332,67.90123456790124,35.0,5.6
5c5a8c1f,CKB Kulasekara,ODI,4,3,38,73,0,0,3,4,78,80,0,0,1,0,0,0,12.666666666666666,52.054794520547944,,6.153846153846154
5c756df3,Abul Hasan,ODI,7,3,11,16,1,0,3,7,216,244,0,1,1,0,0,0,3.6666666666666665,68.75,,6.777777777777778
5cb078d6,HK Badani,ODI,7,5,135,175,9,1,3,2,63,52,1,0,3,0,0,0,45.0,77.14285714285715,52.0,4.9523809523809526
5d096f3d,RR Powar,ODI,29,15,156,246,12,2,13,27,1415,1108,30,5,1,1,0,0,12.0,63.41463414634146,36.93333333333333,4.698233215547703
5d1e7582,BKG Mendis,ODI,141,137,4491,5232,468,71,128,2,20,28,0,0,85,20,16,9,35.0859375,85.83715596330275,,8.4
5d38476c,Saqib Zulfiqar,ODI,11,11,158,233,12,4,9,10,276,298,7,1,4,1,0,0,17.555555555555557,67.81115879828327,42.57142857142857,6.478260869565218
5d664346,TB Robinson,ODI,3,3,48,49,7,0,3,0,0,0,0,0,0,0,0,0,16.0,97.95918367346938,,
5d68fe4f,Fahad Nawaz,ODI,2,2,2,10,0,0,2,0,0,0,0,0,0,0,0,0,1.0,20.0,,
5d836a72,Abid Ali,ODI,6,6,234,257,29,0,6,0,0,0,0,0,3,0,0,1,39.0,91.05058365758755,,
5d9a1a73,R Sharma,ODI,4,1,1,2,0,0,1,4,206,177,6,0,1,1,0,0,1.0,50.0,29.5,5.155339805825243
5dbdecf1,Khaled Ahmed,ODI,2,2,1,4,0,0,1,2,80,72,3,1,0,0,0,0,1.0,25.0,24.0,5.3999999999999995
5dc19220,GM Strydom,ODI,6,5,67,133,6,2,5,2,30,24,0,0,0,0,0,0,13.4,50.37593984962406,,4.8
5e5eab39,Nazmul Hossain,ODI,26,9,15,77,0,0,4,25,1106,967,28,16,3,1,0,1,3.75,19.480519480519483,34.535714285714285,5.245931283905967
5eb51b97,V Sukumaran,ODI,10,10,194,314,16,6,10,6,120,81,3,0,2,0,0,1,19.4,61.78343949044586,27.0,4.05
5ec41cd7,Jasdeep Singh,ODI,44,27,297,429,20,9,24,43,1954,1821,51,14,9,4,0,1,12.375,69.23076923076923,35.705882352941174,5.591606960081883
5ee47383,DB Kotze,ODI,6,6,82,135,3,1,5,6,282,256,2,0,3,0,0,0,16.4,60.74074074074074,128.0,5.446808510638298
5eea345c,Khalid Latif,ODI,5,5,147,233,13,0,5,0,0,0,0,0,1,1,0,0,29.4,63.0901287553648,,
5eef2118,MVT Fernando,ODI,8,8,30,62,3,0,2,8,297,337,5,4,0,0,0,0,15.0,48.38709677419355,67.4,6.808080808080808
5f26f677,BM Duckett,ODI,36,36,1491,1523,169,22,35,0,0,0,0,0,12,0,0,0,42.6,97.8988837820092,,
5f5ca1a7,Tanwir Afzal,ODI,13,12,161,182,13,8,10,12,498,386,8,7,1,0,0,0,16.1,88.46153846153845,48.25,4.650602409638554
5f5e0c8c,ML Udawatte,ODI,8,8,243,367,24,2,8,0,0,0,0,0,0,0,0,0,30.375,66.21253405994551,,
5f75a7c5,PARP Perera,ODI,2,2,33,61,2,0,2,0,0,0,0,0,1,0,0,0,16.5,54.09836065573771,,
5fa06777,IK Pathan,ODI,100,71,1226,1548,117,29,57,98,4846,4301,146,42,18,6,0,5,21.50877192982456,79.19896640826873,29.458904109589042,5.325216673545192
5faa30f7,Amir Hayat,ODI,9,5,31,74,1,1,3,9,449,382,12,3,4,0,0,1,10.333333333333334,41.891891891891895,31.833333333333332,5.10467706013363
5fbd0632,SA Wijeratne,ODI,9,9,191,275,16,1,9,0,0,0,0,0,11,3,1,0,21.22222222222222,69.45454545454545,,
5fbe14fc,Imrul Kayes,ODI,72,72,2242,3268,219,36,71,0,0,0,0,0,22,1,0,4,31.577464788732396,68.6046511627907,,
5fef85ee,R Mutumbami,ODI,25,23,319,447,36,5,21,0,0,0,0,0,11,4,2,0,15.19047619047619,71.36465324384787,,
6020a3c6,KU Carty,ODI,52,49,1814,2447,157,29,44,4,28,30,0,0,9,0,0,2,41.22727272727273,74.13158970167552,,6.428571428571428
60606200,Muzahir Raza,ODI,4,1,10,7,2,0,1,4,96,45,2,2,1,0,0,0,10.0,142.85714285714286,22.5,2.8125
608e1581,Hannan Sarkar,ODI,13,13,280,537,28,2,13,1,3,13,0,0,5,2,0,0,21.53846153846154,52.1415270018622,,26.0
60aa2db3,LG Pretorius,ODI,3,3,142,147,18,3,3,0,0,0,0,0,2,0,0,0,47.333333333333336,96.5986394557823,,
60beb01b,WW Hinds,ODI,42,38,1066,1626,90,21,33,19,610,506,20,3,4,4,0,1,32.303030303030305,65.55965559655597,25.3,4.977049180327868
60dd8960,Kabir Ali,ODI,13,8,54,58,3,1,6,12,613,631,18,4,1,0,0,0,9.0,93.10344827586206,35.05555555555556,6.176182707993474
611c06dd,MA Vermeulen,ODI,29,29,517,796,63,1,28,0,0,0,0,0,13,0,0,1,18.464285714285715,64.9497487437186,,
6176f240,Chirag Suri,ODI,36,36,924,1472,95,13,36,0,0,0,0,0,10,3,0,1,25.666666666666668,62.77173913043478,,
61928851,Utkarsh Srivastava,ODI,2,2,75,75,6,1,2,1,24,17,0,0,0,0,0,0,37.5,100.0,,4.25
619aa81f,W Jaffer,ODI,2,2,10,23,2,0,2,0,0,0,0,0,0,0,0,0,5.0,43.47826086956522,,
61dab16a,CL Hooper,ODI,5,5,93,118,3,1,4,4,199,166,3,1,5,0,0,0,23.25,78.8135593220339,55.333333333333336,5.0050251256281415
61f05b05,Fawad Alam,ODI,37,35,966,1321,60,6,23,13,398,377,5,1,10,3,0,0,42.0,73.12641937925814,75.4,5.683417085427136
61fb296e,TL Chivanga,ODI,6,4,20,25,3,0,2,5,217,219,4,0,1,1,0,0,10.0,80.0,54.75,6.055299539170507
6232e1ed,GJ McCarter,ODI,1,1,1,1,0,0,0,1,48,38,0,0,0,0,0,0,,100.0,,4.75
62decd8e,AC Dawson,ODI,6,1,23,32,4,0,0,6,240,207,1,1,2,1,0,0,,71.875,207.0,5.175
62e203d4,Junaid Siddique,ODI,46,44,896,1315,90,7,44,2,12,13,0,0,18,0,0,0,20.363636363636363,68.13688212927757,,6.5
63249474,O Davidson,ODI,7,3,23,60,0,0,3,7,318,253,5,1,4,1,0,0,7.666666666666667,38.333333333333336,50.6,4.773584905660377
634a7b21,BN Cooper,ODI,11,9,148,175,15,4,8,0,0,0,0,0,2,0,0,0,18.5,84.57142857142857,,
637b6fbd,AG Puttick,ODI,1,1,0,5,0,0,1,0,0,0,0,0,1,0,0,0,0.0,0.0,,
63bff7f9,SM Harwood,ODI,1,1,0,4,0,0,1,1,60,57,2,0,0,0,0,0,0.0,0.0,28.5,5.7
641ac5ff,IS Sodhi,ODI,54,24,210,306,8,10,22,50,2557,2350,64,13,12,1,0,2,9.545454545454545,68.62745098039215,36.71875,5.514274540477121
64775749,RP Meredith,ODI,3,1,2,4,0,0,0,3,108,127,1,0,1,0,0,0,,50.0,127.0,7.055555555555555
64839cb3,M Pathirana,ODI,10,5,10,33,2,0,4,10,395,487,15,3,0,0,0,1,2.5,30.303030303030305,32.46666666666667,7.39746835443038
64a4c383,S Sriram,ODI,1,1,3,5,0,0,1,1,54,43,3,0,0,0,0,0,3.0,60.0,14.333333333333334,4.777777777777778
64c34cd0,Shoaib Malik,ODI,224,206,5981,7309,475,93,176,163,5572,4396,114,27,71,13,0,11,33.98295454545455,81.83061978382817,38.56140350877193,4.733668341708543
64d43928,Sohail Tanvir,ODI,61,38,399,468,44,6,29,59,2903,2534,69,19,15,0,0,3,13.758620689655173,85.25641025641025,36.72463768115942,5.237340682053048
64fb6b15,A Bohara,ODI,2,2,13,14,0,0,0,2,66,51,0,2,0,0,0,0,,92.85714285714286,,4.636363636363637
650d5e49,R Powell,ODI,47,45,915,1054,60,40,42,13,254,261,3,0,14,1,0,1,21.785714285714285,86.81214421252372,87.0,6.165354330708661
65122d56,K Christie,ODI,1,1,0,3,0,0,1,1,6,18,0,0,0,0,0,0,0.0,0.0,,18.0
656202a7,DA Marillier,ODI,12,10,249,355,23,2,10,9,360,269,5,1,2,1,0,1,24.9,70.14084507042253,53.8,4.483333333333333
6575e3bc,Nazmul Islam,ODI,4,1,7,14,0,0,1,4,216,195,5,0,2,0,0,0,7.0,50.0,39.0,5.416666666666667
6581d753,JM Kemp,ODI,64,55,1226,1473,77,53,39,31,656,514,14,7,26,3,0,3,31.435897435897434,83.23150033944331,36.714285714285715,4.701219512195122
65a05fe6,HP Rinke,ODI,8,8,28,64,3,0,8,5,96,112,2,0,0,0,0,0,3.5,43.75,56.0,7.0
65b6943c,L Wood,ODI,3,2,15,14,2,0,1,2,108,113,1,0,0,0,0,0,15.0,107.14285714285714,113.0,6.277777777777778
65cebd5d,K Mishara,ODI,6,6,148,177,20,2,6,1,6,9,0,0,0,0,0,0,24.666666666666668,83.61581920903954,,9.0
66b30f71,AB Dinda,ODI,13,5,21,38,1,0,5,13,594,612,12,2,0,1,0,0,4.2,55.26315789473685,51.0,6.181818181818182
66cf56a5,A Mithun,ODI,5,3,51,57,2,4,3,5,180,203,3,1,1,0,0,0,17.0,89.47368421052632,67.66666666666667,6.766666666666667
6705008a,H Durham,ODI,1,1,4,14,0,0,1,1,58,47,2,1,2,0,0,0,4.0,28.57142857142857,23.5,4.862068965517242
671398e3,DK Butler,ODI,4,2,16,24,3,0,0,4,198,158,2,2,0,0,0,0,,66.66666666666666,79.0,4.787878787878788
6752c57b,Jahurul Islam,ODI,12,11,226,325,22,2,10,0,0,0,0,0,7,1,0,0,22.6,69.53846153846153,,
6766ca00,M Shumba,ODI,7,6,40,83,3,0,4,1,29,27,0,0,2,0,0,0,10.0,48.19277108433735,,5.586206896551724
67875075,RH Scholte,ODI,2,2,8,31,0,0,2,0,0,0,0,0,0,1,0,0,4.0,25.806451612903224,,
67af6f81,RW Price,ODI,78,44,315,541,26,4,34,76,4101,2820,78,50,10,1,0,0,9.264705882352942,58.225508317929766,36.15384615384615,4.125822970007316
67b9536c,SR Hain,ODI,2,2,106,100,8,0,2,0,0,0,0,0,0,0,0,0,53.0,106.0,,
6821ac10,JJ van der Wath,ODI,10,8,89,72,3,8,6,10,527,551,13,1,2,3,0,0,14.833333333333334,123.61111111111111,42.38461538461539,6.273244781783681
6834d1f2,B Stanlake,ODI,8,6,4,29,0,0,3,8,390,361,7,3,1,0,0,0,1.3333333333333333,13.793103448275861,51.57142857142857,5.553846153846154
6843a783,Shan Masood,ODI,9,9,163,242,19,0,9,0,0,0,0,0,2,0,0,0,18.11111111111111,67.35537190082644,,
684a56df,RR Beaton,ODI,2,2,15,54,2,0,1,2,102,102,1,1,0,0,0,0,15.0,27.77777777777778,102.0,6.0
684d21d7,M Bhanuka,ODI,6,6,140,199,13,2,6,0,0,0,0,0,5,1,1,0,23.333333333333332,70.35175879396985,,
688b2d58,Ehsanul Haque,ODI,3,3,28,76,4,0,3,1,60,34,2,0,0,0,0,0,9.333333333333334,36.84210526315789,17.0,3.4
68c3f79d,LN Onyango,ODI,8,4,61,82,6,0,2,8,251,211,9,4,0,0,0,0,30.5,74.39024390243902,23.444444444444443,5.043824701195219
68c56d09,KA Jamieson,ODI,23,9,101,116,7,3,4,22,1108,980,30,14,3,0,0,1,25.25,87.06896551724138,32.666666666666664,5.306859205776173
68ddabdb,Mohammad Sami,ODI,49,24,246,362,12,8,16,48,2376,1979,67,19,8,7,0,2,15.375,67.95580110497238,29.53731343283582,4.997474747474747
69362253,RN Lewis,ODI,11,8,134,128,2,8,7,9,381,333,8,0,2,0,0,0,19.142857142857142,104.6875,41.625,5.244094488188976
69762509,DR Martyn,ODI,82,73,2239,2970,202,8,56,3,90,78,1,0,28,1,0,5,39.982142857142854,75.3872053872054,78.0,5.2
69c994e4,SHA Rance,ODI,2,0,0,0,0,0,0,2,105,110,1,1,3,0,0,0,,,110.0,6.285714285714286
69d03465,AT Carey,ODI,89,83,2351,2691,225,24,70,0,0,0,0,0,91,7,8,2,33.58571428571429,87.3652917131178,,
6a0537aa,N Boje,ODI,21,11,215,211,23,2,5,20,920,690,16,7,5,1,0,0,43.0,101.89573459715639,43.125,4.5
6a26221c,AK Markram,ODI,80,76,2539,2646,263,57,70,39,1142,1120,18,2,37,1,0,5,36.27142857142857,95.95616024187453,62.22222222222222,5.884413309982486
6a52f5d3,GJ Whittall,ODI,6,4,59,71,5,1,4,5,135,121,4,1,1,0,0,0,14.75,83.09859154929578,30.25,5.377777777777778
6a685375,JB Reva,ODI,5,4,15,27,1,0,3,5,191,165,5,1,1,2,0,0,5.0,55.55555555555556,33.0,5.183246073298429
6a71ba3a,M Levitt,ODI,17,17,443,533,53,14,17,12,450,355,9,2,5,0,0,0,26.058823529411764,83.11444652908068,39.44444444444444,4.733333333333333
6a7239a7,ES Szwarczynski,ODI,13,12,281,482,29,1,11,0,0,0,0,0,3,0,0,0,25.545454545454547,58.298755186722,,
6ad2d5f7,LN Rajbanshi,ODI,49,27,42,179,3,0,11,44,2223,1455,55,24,10,2,0,1,3.8181818181818183,23.463687150837988,26.454545454545453,3.9271255060728745
6adf9347,Iftikhar Anjum,ODI,57,28,203,335,12,3,14,55,2678,2200,67,36,10,1,0,0,14.5,60.59701492537314,32.83582089552239,4.929051530993279
6ae9c751,JJ Celestine,ODI,3,3,28,64,5,0,3,0,0,0,0,0,0,0,0,0,9.333333333333334,43.75,,
6b062b4b,CA Reid,ODI,2,2,8,18,1,0,2,2,78,63,1,0,0,0,0,0,4.0,44.44444444444444,63.0,4.846153846153846
6b0c3a20,AJ Hall,ODI,55,28,387,464,30,6,21,52,2548,1952,76,25,14,5,0,3,18.428571428571427,83.40517241379311,25.68421052631579,4.596546310832025
6b0db726,J Andrew,ODI,3,2,8,13,0,1,2,0,0,0,0,0,0,0,0,0,4.0,61.53846153846154,,
6b19d823,A Mishra,ODI,33,10,43,87,4,0,8,31,1773,1423,62,18,4,2,0,3,5.375,49.42528735632184,22.951612903225808,4.8155668358714045
6b4593ee,L Siaka,ODI,40,40,749,1013,72,10,40,11,198,150,3,0,15,0,0,1,18.725,73.93879565646594,50.0,4.545454545454546
6b46ce43,EJB Miles,ODI,3,2,1,7,0,0,1,3,120,115,4,1,0,0,0,0,1.0,14.285714285714285,28.75,5.75
6b64e7a3,J Mulder,ODI,1,0,0,0,0,0,0,1,60,28,2,0,0,0,0,0,,,14.0,2.8
6b71e6cf,KC Sangakkara,ODI,298,284,11640,14663,1122,77,252,0,0,0,0,0,324,50,75,26,46.19047619047619,79.38348223419491,,
6b75c2b1,NR Kirton,ODI,28,26,675,909,46,16,23,7,132,105,4,0,13,4,0,1,29.347826086956523,74.25742574257426,26.25,4.7727272727272725
6b8eb6e5,S Sreesanth,ODI,50,19,44,125,2,0,11,49,2368,2352,74,17,4,3,0,1,4.0,35.199999999999996,31.783783783783782,5.959459459459459
6b9eb501,OEG Baartman,ODI,6,5,16,38,0,0,1,6,252,221,8,2,2,0,0,0,16.0,42.10526315789473,27.625,5.261904761904762
6c19c6e5,YBK Jaiswal,ODI,4,4,171,208,19,4,3,0,0,0,0,0,2,0,0,1,57.0,82.21153846153845,,
6c1beb66,MHW Papps,ODI,2,2,32,63,4,0,2,0,0,0,0,0,1,0,0,0,16.0,50.79365079365079,,
6c6591ab,PP Ojha,ODI,18,9,46,114,3,0,2,17,876,652,21,5,7,0,0,0,23.0,40.35087719298245,31.047619047619047,4.465753424657534
6c6aca89,TS Roland-Jones,ODI,1,1,37,38,5,1,0,1,42,34,1,2,0,0,0,0,,97.36842105263158,34.0,4.857142857142857
6c75310b,J Lewis,ODI,11,7,43,49,4,0,6,11,626,408,17,9,0,0,0,0,7.166666666666667,87.75510204081633,24.0,3.9105431309904155
6c79c098,DA Payne,ODI,1,0,0,0,0,0,0,1,54,38,1,1,0,1,0,0,,,38.0,4.222222222222222
6c7a68d0,Shubham Ranjane,ODI,11,9,190,241,15,4,7,11,420,373,13,1,5,0,0,1,27.142857142857142,78.83817427385893,28.692307692307693,5.328571428571428
6c882e9a,PBB Rajapaksa,ODI,5,5,89,87,14,2,5,0,0,0,0,0,0,0,0,0,17.8,102.29885057471265,,
6cc006ef,RAP Nissanka,ODI,9,6,31,86,2,0,3,9,379,289,11,5,1,1,0,1,10.333333333333334,36.04651162790697,26.272727272727273,4.575197889182058
6cd0b2d8,DL Blake,ODI,1,1,0,2,0,0,1,1,6,7,0,0,0,0,0,0,0.0,0.0,,7.0
6d25efd7,E Katchay,ODI,1,0,0,0,0,0,0,1,18,23,0,0,0,1,0,0,,,,7.666666666666667
6d60ece6,Aijaz Ali,ODI,2,2,5,11,1,0,2,0,0,0,0,0,1,0,0,0,2.5,45.45454545454545,,
6d816d13,RA Mariu,ODI,2,2,76,93,9,2,2,0,0,0,0,0,0,0,0,0,38.0,81.72043010752688,,
6d8356ee,Qaiser Ali,ODI,5,5,38,98,4,0,5,2,84,54,1,0,3,0,0,0,7.6,38.775510204081634,54.0,3.857142857142857
6d9560f3,Maaz Sadaqat,ODI,6,6,134,122,15,6,6,3,48,39,3,0,0,0,0,1,22.333333333333332,109.8360655737705,13.0,4.875
6dd8b88c,Usama Mir,ODI,9,4,38,30,2,3,4,9,510,500,14,0,5,0,0,0,9.5,126.66666666666666,35.714285714285715,5.882352941176471
6df8d190,SE Findlay,ODI,4,4,88,140,9,2,3,0,0,0,0,0,1,0,0,0,29.333333333333332,62.857142857142854,,
6e161a33,JNK Shannon,ODI,1,1,2,8,0,0,1,0,0,0,0,0,0,0,0,0,2.0,25.0,,
6e1b1ec0,MP Vaughan,ODI,59,56,1382,2118,143,10,50,18,516,418,9,0,22,6,0,2,27.64,65.25023607176583,46.44444444444444,4.8604651162790695
6e3f5a5c,R Ngarava,ODI,49,30,271,333,28,8,17,47,2216,1980,67,23,4,3,0,0,15.941176470588236,81.38138138138137,29.55223880597015,5.36101083032491
6eb146d2,Gurkeerat Singh,ODI,3,2,13,13,2,0,2,3,60,68,0,0,1,1,0,0,6.5,100.0,,6.8
6ed3d5ac,DO Obuya,ODI,23,23,302,583,25,3,22,0,0,0,0,0,15,0,0,0,13.727272727272727,51.80102915951973,,
6eea0b32,Nasir Hossain,ODI,64,51,1240,1579,111,14,43,42,1241,980,24,4,32,3,0,1,28.837209302325583,78.53071564281191,40.833333333333336,4.738114423851732
6ef13460,A Balbirnie,ODI,88,83,2628,3557,254,34,79,1,24,31,1,0,32,3,0,5,33.265822784810126,73.8824852403711,31.0,7.75
6f02fe2a,Waseem Muhammad,ODI,69,69,1745,2047,144,83,69,7,71,92,0,1,33,5,0,2,25.28985507246377,85.2467024914509,,7.774647887323943
6f4d314b,LJ Burger,ODI,6,6,11,65,1,0,5,6,330,297,6,3,5,0,0,0,2.2,16.923076923076923,49.5,5.4
6fb21086,Zahid Shah,ODI,2,2,11,20,2,0,0,2,120,98,6,1,0,0,0,0,,55.00000000000001,16.333333333333332,4.9
6fd0c8e1,JD Campbell,ODI,12,12,359,363,37,11,12,1,6,13,0,0,1,0,0,1,29.916666666666668,98.89807162534436,,13.0
70456281,Ehsan Nawaz,ODI,9,6,29,83,2,0,5,9,381,328,11,2,1,0,0,0,5.8,34.93975903614458,29.818181818181817,5.165354330708661
70542bef,HJH Marshall,ODI,37,36,661,980,44,1,32,0,0,0,0,0,6,3,0,2,20.65625,67.44897959183673,,
7068c81e,MJ Fisher,ODI,3,2,2,6,0,0,2,3,131,108,3,0,0,0,0,0,1.0,33.33333333333333,36.0,4.9465648854961835
7081491e,AA Obanda,ODI,17,14,487,704,56,8,13,0,0,0,0,0,4,0,0,0,37.46153846153846,69.17613636363636,,
709b0bac,SS Tiwary,ODI,3,2,49,57,5,1,0,0,0,0,0,0,2,0,0,0,,85.96491228070175,,
70ced7f2,Mohammad Aadil Alam,ODI,6,4,70,82,6,3,4,6,264,166,6,5,1,1,0,0,17.5,85.36585365853658,27.666666666666668,3.772727272727273
70d205c9,AT Rayudu,ODI,53,49,1637,2143,141,26,35,9,121,124,3,1,17,2,0,3,46.77142857142857,76.38824078394774,41.333333333333336,6.148760330578512
70d57519,AAP Atkinson,ODI,13,9,127,100,19,3,6,13,562,601,16,1,1,0,0,0,21.166666666666668,127.0,37.5625,6.4163701067615655
70f2f922,TF van Woerkom,ODI,2,0,0,0,0,0,0,2,48,75,1,0,1,0,0,0,,,75.0,9.375
710dd98c,MN van Wyk,ODI,17,16,425,631,48,4,16,0,0,0,0,0,10,4,1,0,26.5625,67.35340729001584,,
711249d1,Shamim Hossain,ODI,5,5,56,80,3,2,5,3,84,60,2,1,2,0,0,0,11.2,70.0,30.0,4.285714285714286
7147f314,Sabbir Rahman,ODI,62,55,1259,1395,147,21,48,19,288,333,3,0,30,5,0,0,26.229166666666668,90.25089605734767,111.0,6.9375
714af18b,KJ Harding,ODI,1,1,1,1,0,0,0,1,60,88,0,0,0,0,0,0,,100.0,,8.8
7157a72f,PJC Hoffmann,ODI,6,3,30,23,4,1,2,5,192,175,1,0,1,1,0,0,15.0,130.43478260869566,175.0,5.46875
717e803a,TCB Fernando,ODI,6,3,18,39,0,0,1,6,209,173,1,2,0,0,0,0,18.0,46.15384615384615,173.0,4.966507177033493
719a2bb5,K Kamyuka,ODI,2,1,2,2,0,0,1,2,47,47,4,0,0,0,0,0,2.0,100.0,11.75,6.0
72253b87,Kaleemullah,ODI,45,27,125,139,8,7,17,45,2010,1445,41,36,10,2,0,0,7.352941176470588,89.92805755395683,35.24390243902439,4.313432835820896
7239b60d,CAH Stevenson,ODI,18,16,141,216,12,1,13,17,693,642,23,5,3,1,0,0,10.846153846153847,65.27777777777779,27.91304347826087,5.558441558441558
725529bc,SC Ganguly,ODI,77,74,2452,3498,231,44,67,38,1026,877,19,3,18,2,0,5,36.59701492537314,70.09719839908519,46.1578947368421,5.128654970760234
72861603,GC Smith,ODI,155,152,5280,6613,588,38,146,33,808,724,15,0,86,12,0,7,36.16438356164384,79.8427340087706,48.266666666666666,5.376237623762377
72b245dd,Anamul Haque,ODI,47,44,1322,1785,132,27,44,0,0,0,0,0,14,3,0,2,30.045454545454547,74.06162464985995,,
72e361fe,N Davin,ODI,12,12,165,211,18,4,12,0,0,0,0,0,4,0,0,0,13.75,78.19905213270142,,
72e60730,A Vala,ODI,56,56,1783,2594,147,26,55,51,1998,1308,46,16,25,2,0,1,32.41818181818182,68.7355435620663,28.434782608695652,3.9279279279279278
732c038e,KIC Asalanka,ODI,73,67,2420,2766,199,57,61,33,754,626,19,5,18,1,0,5,39.67213114754098,87.49096167751266,32.94736842105263,4.981432360742706
732f711b,MJ Hay,ODI,10,7,186,187,13,8,6,0,0,0,0,0,14,0,0,1,31.0,99.46524064171123,,
736123bb,DN Wellalage,ODI,31,25,389,487,29,10,21,30,1391,1176,37,4,13,0,0,3,18.523809523809526,79.87679671457906,31.783783783783782,5.072609633357296
737e595d,NK Yadav,ODI,10,7,24,55,1,0,5,10,367,340,12,2,0,2,0,0,4.8,43.63636363636363,28.333333333333332,5.55858310626703
73ad96ed,DJ Hooda,ODI,10,7,153,194,10,1,6,6,150,119,3,1,2,0,0,0,25.5,78.8659793814433,39.666666666666664,4.76
73c18486,KR Mayers,ODI,28,26,660,802,75,21,26,23,686,632,14,2,8,1,0,1,25.384615384615383,82.29426433915212,45.142857142857146,5.5276967930029155
73e749e1,LE Bosman,ODI,14,12,301,318,37,9,12,0,0,0,0,0,3,3,0,0,25.083333333333332,94.65408805031447,,
740742ef,RG Sharma,ODI,281,273,11532,12714,1088,357,239,40,610,533,9,2,105,15,0,26,48.2510460251046,90.70316186880603,59.22222222222222,5.242622950819672
74234d66,JN Gillespie,ODI,38,13,115,110,5,4,5,37,1951,1285,56,36,6,0,0,2,23.0,104.54545454545455,22.946428571428573,3.9518195797027165
7429c452,I Wardlaw,ODI,12,8,18,33,2,0,5,12,604,581,17,4,1,0,0,0,3.6,54.54545454545454,34.1764705882353,5.771523178807946
74487d79,J Edness,ODI,4,4,119,218,13,0,4,0,0,0,0,0,1,0,1,0,29.75,54.58715596330275,,
744b6ab0,Joseph Angara,ODI,1,1,0,3,0,0,1,1,48,52,1,0,0,0,0,0,0.0,0.0,52.0,6.5
749a1b3a,BP Nash,ODI,2,2,21,21,2,0,2,1,30,33,0,0,0,0,0,0,10.5,100.0,,6.6
74aab92e,LN Roche,ODI,3,2,4,10,0,0,2,3,138,157,2,1,0,0,0,0,2.0,40.0,78.5,6.826086956521739
74bd2653,M van Schoor,ODI,5,5,58,111,3,1,4,0,0,0,0,0,4,2,0,0,14.5,52.25225225225225,,
74d12124,JP Greaves,ODI,24,23,506,544,47,11,18,12,456,509,8,0,11,2,0,0,28.11111111111111,93.01470588235294,63.625,6.697368421052632
74d92a39,AY Karim,ODI,4,2,0,2,0,0,0,4,140,69,3,6,0,0,0,1,,0.0,23.0,2.9571428571428573
74ef405a,MBS Jonkman,ODI,4,3,20,33,2,0,2,4,139,105,5,1,0,0,0,0,10.0,60.60606060606061,21.0,4.532374100719424
7516045a,WT Gavera,ODI,2,1,4,6,1,0,0,2,84,78,1,1,0,0,0,0,,66.66666666666666,78.0,5.571428571428571
75186c24,Kamran Shazad,ODI,2,1,0,3,0,0,1,2,102,100,4,0,0,0,0,0,0.0,0.0,25.0,5.882352941176471
75224f22,KMA Paul,ODI,28,20,308,325,26,11,15,27,1099,1142,28,3,14,1,0,0,20.533333333333335,94.76923076923077,40.785714285714285,6.234758871701547
752f7486,Ishan Kishan,ODI,28,25,901,911,91,31,23,0,0,0,0,0,17,3,2,1,39.17391304347826,98.90230515916575,,
753b5a2d,NN Odhiambo,ODI,23,18,189,291,19,1,16,22,882,877,21,7,1,4,0,0,11.8125,64.94845360824742,41.76190476190476,5.965986394557823
753c95b9,SS Pathirana,ODI,18,14,332,399,33,5,13,18,765,720,15,2,3,1,0,0,25.53846153846154,83.20802005012531,48.0,5.647058823529412
755a77c6,GS Ballance,ODI,21,20,454,647,37,1,18,0,0,0,0,0,13,1,0,0,25.22222222222222,70.17001545595053,,
7572bf45,EHSN Silva,ODI,1,1,7,14,0,0,1,1,42,33,0,0,0,0,0,0,7.0,50.0,,4.714285714285714
7595b47f,Shariz Ahmad,ODI,20,17,159,291,11,0,15,18,592,593,18,2,7,2,0,0,10.6,54.63917525773196,32.94444444444444,6.010135135135135
759ac88f,MM Sharma,ODI,26,9,31,66,5,0,4,25,1121,1020,31,10,5,3,0,1,7.75,46.96969696969697,32.903225806451616,5.459411239964317
75be3b2a,JC Balt,ODI,3,3,35,61,4,0,2,2,24,23,0,0,1,0,0,0,17.5,57.377049180327866,,5.75
75de770f,T Taibu,ODI,106,100,2837,4237,196,32,86,1,24,19,0,0,87,28,25,3,32.98837209302326,66.95775312721265,,4.75
7662cf7a,Bilawal Bhatti,ODI,10,7,89,77,10,2,6,10,409,439,6,5,2,2,0,0,14.833333333333334,115.5844155844156,73.16666666666667,6.440097799511002
770494eb,DAS Gunaratne,ODI,31,25,575,743,50,6,21,25,834,723,22,4,6,0,0,0,27.38095238095238,77.38896366083445,32.86363636363637,5.201438848920863
77079be1,D Mohammed,ODI,5,1,0,2,0,0,0,4,233,170,8,3,1,1,0,0,,0.0,21.25,4.377682403433476
77191792,Mohammad Mithun,ODI,32,28,711,948,61,16,24,1,12,12,0,0,6,0,0,0,29.625,75.0,,6.0
773cec26,JN Mohammed,ODI,33,29,621,929,51,10,27,16,440,340,8,2,3,0,0,1,23.0,66.84607104413348,42.5,4.636363636363637
77b1aa15,Harshit Rana,ODI,14,7,124,106,10,6,5,14,687,712,26,8,2,1,0,0,24.8,116.98113207547169,27.384615384615383,6.218340611353712
77bf0483,Akeem Jordan,ODI,2,1,3,6,0,0,0,2,66,56,1,2,2,0,0,0,,50.0,56.0,5.090909090909091
7805af0f,NM Carter,ODI,1,1,0,6,0,0,1,1,60,56,1,0,0,0,0,0,0.0,0.0,56.0,5.6
782fb776,LV van Beek,ODI,37,34,554,653,35,16,23,36,1868,1693,56,22,16,3,0,1,24.08695652173913,84.83920367534456,30.232142857142858,5.437901498929336
7839bf3a,HS Baidwan,ODI,16,12,117,182,10,0,9,16,804,714,23,6,4,0,0,0,13.0,64.28571428571429,31.043478260869566,5.3283582089552235
78bb68d4,Y Cariah,ODI,14,7,93,167,6,1,6,14,596,622,13,1,3,2,0,0,15.5,55.688622754491014,47.84615384615385,6.261744966442953
78c12883,S Baker,ODI,1,1,0,1,0,0,1,1,42,76,0,0,0,0,0,0,0.0,0.0,,10.857142857142858
78cb83f3,KOK Williams,ODI,8,4,19,27,1,0,1,7,330,293,9,1,0,0,0,0,19.0,70.37037037037037,32.55555555555556,5.327272727272727
78dfe704,V Permaul,ODI,7,4,19,28,1,0,3,7,331,271,8,0,1,0,0,0,6.333333333333333,67.85714285714286,33.875,4.912386706948641
78eb4223,KAJ Roach,ODI,90,52,308,610,24,6,23,88,4321,3683,118,49,19,3,0,3,13.391304347826088,50.49180327868853,31.21186440677966,5.114093959731544
78f34e15,IE O'Brien,ODI,10,2,3,11,0,0,0,10,453,488,14,3,1,0,0,0,,27.27272727272727,34.857142857142854,6.4635761589403975
78feb458,JN Hamilton,ODI,1,1,5,16,0,0,1,0,0,0,0,0,0,0,0,0,5.0,31.25,,
79004151,Adeel Raja,ODI,7,5,13,76,1,0,4,7,280,285,6,1,0,0,0,0,3.25,17.105263157894736,47.5,6.107142857142858
79025aaa,Hasibul Hossain,ODI,3,3,7,23,0,0,1,3,102,121,1,0,0,0,0,0,7.0,30.434782608695656,121.0,7.117647058823529
790ac2b0,G Bajwa,ODI,1,0,0,0,0,0,0,1,37,35,0,0,0,0,0,0,,,,5.675675675675675
7923a51d,Mohammad Naim,ODI,5,4,58,99,8,0,4,0,0,0,0,0,2,0,0,0,14.5,58.58585858585859,,
7955eb15,RK Kleinveldt,ODI,9,7,105,129,9,5,7,9,453,400,11,8,3,1,0,0,15.0,81.3953488372093,36.36363636363637,5.298013245033113
795df06c,AS Hansra,ODI,15,14,295,538,20,6,12,12,276,284,2,1,5,0,0,0,24.583333333333332,54.832713754646846,142.0,6.173913043478261
796e4140,Khurram Chohan,ODI,11,9,77,144,5,2,6,11,512,438,19,3,1,0,0,1,12.833333333333334,53.47222222222222,23.05263157894737,5.1328125
797ee165,SS Kang,ODI,6,4,31,107,1,0,3,6,342,247,12,2,0,0,0,0,10.333333333333334,28.971962616822427,20.583333333333332,4.333333333333333
79aad751,PADLR Sandakan,ODI,31,19,64,147,4,0,12,30,1488,1544,27,4,7,1,0,1,5.333333333333333,43.53741496598639,57.18518518518518,6.225806451612903
79b4839e,Ahmed Raza,ODI,47,36,391,645,28,8,30,47,2494,1721,57,15,15,4,0,2,13.033333333333333,60.62015503875969,30.19298245614035,4.140336808340016
79f5bc26,BG Lister,ODI,4,4,12,21,1,0,1,4,216,220,6,0,0,0,0,0,12.0,57.14285714285714,36.666666666666664,6.111111111111111
79f8472d,Mohammad Mohsin,ODI,2,2,8,9,1,0,1,2,78,83,1,0,2,0,0,0,8.0,88.88888888888889,83.0,6.384615384615385
7a32c1c1,ARI Umeed,ODI,5,4,138,139,18,3,3,0,0,0,0,0,1,0,0,1,46.0,99.28057553956835,,
7a4819e1,MJ Fourie,ODI,4,2,5,13,0,0,1,2,77,51,0,0,0,0,0,0,5.0,38.46153846153847,,3.974025974025974
7a5f232a,JA Burns,ODI,6,6,146,189,16,1,6,0,0,0,0,0,2,0,0,0,24.333333333333332,77.24867724867724,,
7a624752,IPP Batuwitarachchi,ODI,2,2,14,51,0,0,2,0,0,0,0,0,2,0,0,0,7.0,27.450980392156865,,
7a653792,EP Thompson,ODI,1,0,0,0,0,0,0,1,24,42,0,0,0,0,0,0,,,,10.5
7a80ddf2,D Bishoo,ODI,41,24,164,265,17,1,15,40,2022,1668,38,8,7,1,0,0,10.933333333333334,61.886792452830186,43.89473684210526,4.949554896142433
7a98bc7a,PA Browne,ODI,5,5,134,183,7,6,4,0,0,0,0,0,2,0,0,0,33.5,73.224043715847,,
7b1e20ea,ZS Ansari,ODI,1,0,0,0,0,0,0,0,0,0,0,0,0,0,0,0,,,,
7b5c6c0b,CD Wallace,ODI,25,25,515,598,42,9,24,0,0,0,0,0,14,0,1,0,21.458333333333332,86.12040133779264,,
7b953689,MP Kuhnemann,ODI,8,5,54,99,5,0,4,8,432,325,14,6,2,2,0,0,13.5,54.54545454545454,23.214285714285715,4.513888888888889
7b9b9aef,Abdul Shakoor,ODI,2,2,34,66,2,1,2,0,0,0,0,0,3,0,1,0,17.0,51.515151515151516,,
7ba54dc9,Jai Prakash Yadav,ODI,7,4,12,26,0,0,2,5,186,157,3,2,0,0,0,0,6.0,46.15384615384615,52.333333333333336,5.064516129032258
7bbeac6d,GH O'Brien,ODI,1,1,2,6,0,0,1,1,60,31,3,2,0,0,0,0,2.0,33.33333333333333,10.333333333333334,3.1
7be8a0ed,JW Dernbach,ODI,24,8,19,40,1,0,7,24,1234,1308,31,5,5,1,0,0,2.7142857142857144,47.5,42.193548387096776,6.359805510534846
7bf96684,OA Shah,ODI,56,52,1579,1963,124,26,48,10,193,184,7,1,14,2,0,2,32.895833333333336,80.4381049414162,26.285714285714285,5.720207253886011
7c503806,J Botha,ODI,74,49,594,718,53,3,32,71,3625,2781,68,9,31,6,0,0,18.5625,82.72980501392759,40.89705882352941,4.603034482758621
7c63baa7,JP Bray,ODI,10,10,234,371,25,2,9,0,0,0,0,0,2,0,0,1,26.0,63.07277628032345,,
7c681ee9,J Smits,ODI,13,8,72,195,4,0,5,0,0,0,0,0,11,0,2,0,14.4,36.92307692307693,,
7c70083d,DR Brown,ODI,4,4,72,115,6,0,3,4,138,158,3,0,1,0,0,0,24.0,62.60869565217392,52.666666666666664,6.869565217391305
7c7303eb,JD Nel,ODI,7,2,6,12,1,0,0,7,270,239,3,1,1,1,0,0,,50.0,79.66666666666667,5.311111111111111
7c7d63a2,AJ Tye,ODI,7,7,57,48,5,2,4,7,387,392,12,1,1,0,0,0,14.25,118.75,32.666666666666664,6.077519379844961
7c8f533d,JS Paris,ODI,2,0,0,0,0,0,0,2,96,93,1,0,1,0,0,0,,,93.0,5.8125
7ca5e05d,RS Bopara,ODI,117,108,2689,3520,204,34,87,73,1812,1492,38,9,33,6,0,5,30.908045977011493,76.39204545454545,39.26315789473684,4.940397350993377
7ca68967,NA Greenwood,ODI,4,4,35,69,3,0,4,0,0,0,0,0,2,0,0,0,8.75,50.72463768115942,,
7cb2d9d2,DM Dupavillon,ODI,2,1,17,10,2,1,1,2,66,51,1,0,0,0,0,0,17.0,170.0,51.0,4.636363636363637
7cb931fc,Hassnain Shah,ODI,10,7,86,71,2,8,5,10,398,398,13,0,0,0,0,1,17.2,121.12676056338027,30.615384615384617,6.0
7ccbb09f,Shahnawaz Dhani,ODI,2,1,4,3,0,0,0,2,96,73,1,0,0,0,0,0,,133.33333333333331,73.0,4.5625
7cd0a092,Haris Sohail,ODI,43,42,1709,2010,136,28,37,20,606,583,11,0,16,1,0,2,46.189189189189186,85.02487562189054,53.0,5.772277227722772
7d21eb9b,GC Tonge,ODI,5,3,10,16,1,0,2,5,300,224,5,4,0,0,0,0,5.0,62.5,44.8,4.48
7d32d965,RT Lyons,ODI,1,1,5,3,1,0,0,1,60,41,0,0,1,0,0,0,,166.66666666666669,,4.1
7d415ea5,RT Ponting,ODI,198,189,6979,8658,665,93,173,0,0,0,0,0,95,20,0,18,40.34104046242775,80.6075306075306,,
7d5af2ea,KC Brathwaite,ODI,10,10,278,494,15,0,10,5,152,140,1,0,2,1,0,0,27.8,56.2753036437247,140.0,5.526315789473684
7d608e12,DM de Silva,ODI,82,76,1769,2330,177,15,68,68,2048,1766,42,1,35,2,0,2,26.014705882352942,75.92274678111588,42.04761904761905,5.173828125
7d7ab238,MR Gillespie,ODI,26,10,80,95,8,1,5,26,1284,1192,28,25,5,3,0,0,16.0,84.21052631578947,42.57142857142857,5.570093457943925
7dc35884,Shakib Al Hasan,ODI,211,200,6638,8133,620,51,175,205,10632,8139,259,77,41,14,0,22,37.93142857142857,81.61809910242222,31.424710424710426,4.593115124153499
7dfb8890,S Muthusamy,ODI,5,4,22,25,2,0,3,5,220,233,6,1,1,0,0,0,7.333333333333333,88.0,38.833333333333336,6.354545454545455
7e38d2de,K Weeraratne,ODI,5,5,120,139,6,2,5,4,96,97,0,1,2,0,0,0,24.0,86.33093525179856,,6.0625
7e6e7274,E Masuku,ODI,2,1,2,10,0,0,1,2,66,65,3,1,0,0,0,0,2.0,20.0,21.666666666666668,5.909090909090909
7e758bb2,JL Louw,ODI,1,0,0,0,0,0,0,1,60,60,1,0,0,0,0,0,,,60.0,6.0
7e9f1cde,Kushal Malla,ODI,38,34,801,925,65,46,32,31,1076,770,22,12,4,4,0,1,25.03125,86.5945945945946,35.0,4.29368029739777
7eae4418,Misbah-ul-Haq,ODI,149,135,4752,6549,319,76,111,1,24,30,0,0,60,11,0,7,42.810810810810814,72.56069628950985,,7.5
7eb36269,M van Lingen,ODI,42,41,1394,1590,159,29,36,9,74,65,2,1,15,1,0,4,38.72222222222222,87.67295597484276,32.5,5.27027027027027
7ec9711d,P Subrayen,ODI,2,2,18,18,1,1,2,2,120,119,1,0,0,0,0,0,9.0,100.0,119.0,5.95
7ecb9a14,Aamir Kaleem,ODI,15,13,160,271,21,3,13,15,679,410,18,13,6,2,0,2,12.307692307692308,59.040590405904055,22.77777777777778,3.6229749631811488
7ed9fd56,WU Tharanga,ODI,217,206,6482,8845,742,52,189,0,0,0,0,0,47,9,0,11,34.2962962962963,73.28434143583947,,
7ee2ce62,VS Solanki,ODI,36,33,829,1194,105,4,30,5,81,80,1,0,12,2,0,1,27.633333333333333,69.43048576214406,80.0,5.925925925925926
7f048519,DJ Willey,ODI,72,45,656,702,56,24,26,71,3170,2903,100,31,25,5,0,2,25.23076923076923,93.44729344729345,29.03,5.494637223974763
7f148ce7,AM McCarthy,ODI,2,2,15,41,1,0,2,1,12,10,0,0,0,0,0,0,7.5,36.58536585365854,,5.0
7f3ad1ed,SR Thompson,ODI,13,11,178,198,17,3,10,11,334,319,9,2,5,0,0,0,17.8,89.8989898989899,35.44444444444444,5.730538922155689
7f82b4fb,HK Olonga,ODI,2,1,3,12,0,0,1,2,42,29,1,0,0,0,0,0,3.0,25.0,29.0,4.142857142857143
7f87204d,SP Terry,ODI,2,2,16,18,3,0,2,0,0,0,0,0,0,0,0,0,8.0,88.88888888888889,,
7f8ecc51,AM Phangiso,ODI,21,12,81,164,5,0,11,21,1085,829,26,7,4,2,0,0,7.363636363636363,49.390243902439025,31.884615384615383,4.584331797235023
7fa12533,MS Chapman,ODI,35,31,1005,989,95,35,28,0,0,0,0,0,7,1,0,3,35.892857142857146,101.61779575328616,,
7fa2ab1f,RML Taylor,ODI,9,9,105,128,9,1,8,9,419,374,10,1,5,0,0,0,13.125,82.03125,37.4,5.355608591885442
7fa6bd8e,RR Patel,ODI,11,10,168,237,13,2,7,3,84,69,2,0,5,0,0,0,24.0,70.88607594936708,34.5,4.928571428571429
7fb32e5b,KD Mills,ODI,131,72,871,988,65,35,52,130,6397,5027,191,97,28,4,0,2,16.75,88.1578947368421,26.319371727748692,4.715022666875098
7fca84b7,BA King,ODI,57,57,1494,1825,181,30,55,0,0,0,0,0,20,1,0,4,27.163636363636364,81.86301369863014,,
7fe5deb8,DT Hondo,ODI,32,14,35,113,4,0,8,32,1336,1168,30,13,6,0,0,0,4.375,30.973451327433626,38.93333333333333,5.245508982035928
7ff3fcaa,Mohammad Rafique,ODI,58,46,492,745,39,14,34,57,2886,2139,49,23,7,2,0,1,14.470588235294118,66.04026845637584,43.6530612244898,4.446985446985447
7ffe4817,C Tear,ODI,20,19,489,646,51,7,16,0,0,0,0,0,5,2,0,0,30.5625,75.69659442724458,,
8012d0b8,CAK Rajitha,ODI,27,15,104,178,12,1,9,27,1143,1204,29,4,4,2,0,0,11.555555555555555,58.42696629213483,41.51724137931034,6.320209973753281
803dbf1d,A Dutt,ODI,57,40,219,387,10,8,32,56,2798,2171,73,38,9,0,0,1,6.84375,56.58914728682171,29.73972602739726,4.655468191565404
808f425a,JP Faulkner,ODI,67,51,1025,1018,82,29,29,65,3151,2922,94,13,19,6,0,5,35.3448275862069,100.68762278978389,31.085106382978722,5.563947953030785
80ad39ac,Hasan Mahmud,ODI,21,13,37,79,4,0,10,20,891,891,28,7,0,1,0,1,3.7,46.835443037974684,31.821428571428573,6.0
80b2fb19,Prince Yadav,ODI,1,0,0,0,0,0,0,1,60,79,1,0,0,0,0,0,,,79.0,7.9
80de053e,B Siddharth,ODI,6,6,8,20,0,0,4,6,263,182,6,1,5,0,0,0,2.0,40.0,30.333333333333332,4.152091254752851
80ec5dfd,AM Blignaut,ODI,31,20,284,264,33,5,19,30,1331,1166,29,9,5,3,0,2,14.947368421052632,107.57575757575756,40.206896551724135,5.256198347107437
80fe6790,AR Bisht,ODI,5,5,83,113,8,2,4,3,78,79,2,1,3,0,0,0,20.75,73.45132743362832,39.5,6.076923076923077
80fe764d,Tanzid Hasan,ODI,34,33,985,986,110,37,32,0,0,0,0,0,10,1,0,2,30.78125,99.89858012170384,,
81049310,J Yadav,ODI,2,2,3,7,0,0,1,2,84,61,1,0,1,0,0,0,3.0,42.857142857142854,61.0,4.357142857142857
811425b1,Adnan Mufti,ODI,16,15,328,413,27,1,11,0,0,0,0,0,4,1,0,1,29.818181818181817,79.41888619854721,,
81147b00,Rizwan Ahmed,ODI,1,0,0,0,0,0,0,1,24,26,0,0,1,1,0,0,,,,6.5
817c1746,Elias Sunny,ODI,4,4,2,11,0,0,2,4,204,161,5,2,0,0,0,0,1.0,18.181818181818183,32.2,4.735294117647059
8187519b,GM Hamilton,ODI,10,10,173,305,13,1,10,0,0,0,0,0,1,0,0,0,17.3,56.72131147540984,,
818e8bf2,ID Blackwell,ODI,23,18,146,213,17,1,16,17,840,545,14,6,5,1,0,0,9.125,68.54460093896714,38.92857142857143,3.892857142857143
81a0e294,SA Engelbrecht,ODI,11,11,327,519,28,3,10,1,12,17,0,0,9,2,0,0,32.7,63.005780346820806,,8.5
81c08fa3,Umran Malik,ODI,10,3,2,11,0,0,1,9,366,399,13,2,2,0,0,0,2.0,18.181818181818183,30.692307692307693,6.540983606557377
81c36ee9,M Jansen,ODI,31,26,553,508,44,25,21,31,1518,1613,48,10,8,1,0,2,26.333333333333332,108.85826771653544,33.604166666666664,6.375494071146245
82294960,P Sarraf,ODI,12,10,72,118,6,2,9,10,322,251,6,3,4,0,0,0,8.0,61.016949152542374,41.833333333333336,4.6770186335403725
82342b13,B Bhandari,ODI,19,16,331,540,32,3,16,0,0,0,0,0,26,3,1,0,20.6875,61.29629629629629,,
82c528b2,AA Mulla,ODI,8,8,150,160,21,4,8,0,0,0,0,0,4,0,1,0,18.75,93.75,,
82c78845,Khurram Manzoor,ODI,6,6,206,323,20,0,6,0,0,0,0,0,3,0,0,0,34.333333333333336,63.77708978328174,,
82e81007,Hamza Tariq,ODI,5,5,99,144,14,2,5,0,0,0,0,0,1,0,1,0,19.8,68.75,,
8305580c,MA Carberry,ODI,6,6,114,181,14,0,6,1,6,12,0,0,2,0,0,0,19.0,62.98342541436463,,12.0
8319b9ea,CB Wishart,ODI,16,15,361,496,40,4,14,0,0,0,0,0,3,0,0,1,25.785714285714285,72.78225806451613,,
8361e524,SSB Magala,ODI,8,5,18,25,2,0,3,7,342,381,15,3,2,0,0,2,6.0,72.0,25.4,6.684210526315789
83904270,DBL Powell,ODI,39,19,105,139,4,5,17,39,2052,1614,49,17,10,1,0,1,6.176470588235294,75.53956834532374,32.93877551020408,4.719298245614035
8399a7af,R Dhakal,ODI,4,2,5,7,0,0,1,3,144,153,3,0,0,0,0,0,5.0,71.42857142857143,51.0,6.375
83c3e8e3,SH Johnson,ODI,4,2,12,14,2,0,1,4,180,187,2,0,0,0,0,0,12.0,85.71428571428571,93.5,6.233333333333333
83d17bbc,MW Forde,ODI,20,16,224,205,16,15,14,19,879,844,27,10,6,0,0,1,16.0,109.26829268292684,31.25925925925926,5.761092150170649
84212ffb,J Liyanage,ODI,32,29,984,1166,76,26,22,16,350,302,3,3,8,1,0,1,44.72727272727273,84.39108061749572,100.66666666666667,5.177142857142857
844e79d1,D Brevis,ODI,9,9,230,168,10,20,8,1,24,28,0,0,5,0,0,0,28.75,136.9047619047619,,7.0
84826f48,NJ O'Brien,ODI,64,63,1692,2394,140,25,57,0,0,0,0,0,67,7,6,2,29.68421052631579,70.67669172932331,,
84dc72db,Junaid Siddique,ODI,67,48,151,254,5,11,29,66,3142,2653,98,38,4,0,0,1,5.206896551724138,59.4488188976378,27.071428571428573,5.066199872692553
856a5e81,M Karg,ODI,3,2,45,66,4,1,2,0,0,0,0,0,1,0,0,0,22.5,68.18181818181817,,
858b6611,WS Jayantha,ODI,9,9,206,322,24,1,9,3,25,27,0,0,2,0,0,0,22.88888888888889,63.975155279503106,,6.4799999999999995
8596fe80,Mohammad Hasnain,ODI,15,7,53,34,9,1,3,15,718,755,18,5,2,0,0,0,17.666666666666668,155.88235294117646,41.94444444444444,6.309192200557103
85ad2217,DS Smith,ODI,40,39,973,1379,99,9,38,2,17,17,0,0,8,2,0,1,25.605263157894736,70.55837563451777,,6.0
85afed77,G Chapple,ODI,1,1,14,7,1,1,1,1,24,14,0,0,0,0,0,0,14.0,200.0,,3.5
85b3fab2,T Stubbs,ODI,12,12,361,423,17,9,11,1,12,15,0,0,2,2,0,1,32.81818181818182,85.34278959810875,,7.5
85caa37f,RR Ramdass,ODI,1,1,1,9,0,0,1,0,0,0,0,0,0,0,0,0,1.0,11.11111111111111,,
85d8110a,KJ Coetzer,ODI,63,63,2280,2826,290,30,58,5,168,132,1,3,13,4,0,3,39.310344827586206,80.67940552016985,132.0,4.714285714285714
85e0cf10,M Prasidh Krishna,ODI,26,7,2,21,0,0,3,26,1272,1273,45,15,3,1,0,1,0.6666666666666666,9.523809523809524,28.288888888888888,6.004716981132075
85ec8e33,SS Iyer,ODI,78,72,3053,3217,280,74,67,5,37,39,0,0,29,7,0,4,45.56716417910448,94.90208268573205,,6.324324324324324
8629178f,MM English,ODI,5,5,224,316,15,5,4,0,0,0,0,0,1,0,0,1,56.0,70.88607594936708,,
86421172,GA Lamb,ODI,15,14,197,389,6,1,11,15,642,467,12,3,0,0,0,0,17.90909090909091,50.6426735218509,38.916666666666664,4.364485981308412
864c199e,AC Voges,ODI,29,27,798,956,57,7,18,13,241,235,5,0,5,1,0,2,44.333333333333336,83.47280334728033,47.0,5.850622406639005
8692a3f1,OAC Banks,ODI,2,2,45,60,0,2,2,2,108,68,4,1,0,0,0,1,22.5,75.0,17.0,3.7777777777777777
86b4bf88,MJ Swepson,ODI,3,1,2,2,0,0,1,3,158,161,3,1,0,0,0,0,2.0,100.0,53.666666666666664,6.113924050632912
86cd782f,Mehrab Hossain jnr,ODI,12,10,183,431,17,0,10,6,187,154,3,0,5,1,0,0,18.3,42.459396751740144,51.333333333333336,4.9411764705882355
86d38202,SR Waters,ODI,7,7,67,147,7,0,7,0,0,0,0,0,1,0,0,0,9.571428571428571,45.57823129251701,,
86dc8f2e,JH Kallis,ODI,138,132,4929,6548,417,53,112,116,3871,3305,93,23,52,4,0,12,44.00892857142857,75.2748930971289,35.53763440860215,5.122707310772411
86f84b37,AM Tribe,ODI,4,4,233,310,16,6,3,2,12,19,0,0,2,0,0,0,77.66666666666667,75.16129032258064,,9.5
8716233e,ZE Green,ODI,55,46,1020,1361,106,12,42,0,0,0,0,0,57,8,6,1,24.285714285714285,74.94489346069066,,
8728a058,R Clarke,ODI,16,9,91,172,6,0,9,12,404,349,9,3,9,0,0,0,10.11111111111111,52.90697674418605,38.77777777777778,5.183168316831684
876dbe2d,DR Mousley,ODI,3,3,69,88,5,1,2,1,12,17,0,0,1,0,0,0,34.5,78.4090909090909,,8.5
87a122f5,Hashir Dafedar,ODI,4,3,29,62,3,1,2,0,0,0,0,0,3,0,0,0,14.5,46.774193548387096,,
87a92b6b,N Pokana,ODI,16,11,54,124,3,1,5,16,795,544,26,9,7,0,0,0,10.8,43.54838709677419,20.923076923076923,4.1056603773584905
87b177e8,CD Collymore,ODI,40,14,39,71,1,2,8,36,1806,1264,30,23,4,1,0,0,4.875,54.929577464788736,42.13333333333333,4.1993355481727574
87e562a9,DJ Bravo,ODI,146,127,2760,3506,219,53,108,134,5821,5213,177,34,58,16,0,9,25.555555555555557,78.72219053051911,29.451977401129945,5.373303556090019
881a9bdd,S Chanderpaul,ODI,114,108,3804,5605,292,40,88,2,26,19,0,0,29,7,0,7,43.22727272727273,67.86797502230152,,4.384615384615385
881b3f8e,TP Visee,ODI,3,3,72,66,12,2,3,0,0,0,0,0,2,0,0,0,24.0,109.09090909090908,,
88626ed2,AA Jangoo,ODI,8,7,228,287,11,5,6,0,0,0,0,0,2,0,0,1,38.0,79.44250871080139,,
888e32bf,Abdur Razzak,ODI,122,79,644,880,47,17,52,121,6250,4815,163,51,22,7,0,5,12.384615384615385,73.18181818181819,29.539877300613497,4.6224
88fccd6c,SM Pollock,ODI,98,67,1358,1469,113,24,45,94,4966,2840,108,115,25,8,0,8,30.177777777777777,92.44383934649422,26.296296296296298,3.4313330648409184
890946a0,NV Ojha,ODI,1,1,1,9,0,0,1,0,0,0,0,0,0,0,1,0,1.0,11.11111111111111,,
890b877d,VB van Jaarsveld,ODI,2,2,9,16,0,0,2,0,0,0,0,0,1,0,0,0,4.5,56.25,,
8919756f,Mosaddek Hossain,ODI,45,36,691,812,62,15,26,41,1124,983,15,2,20,1,0,2,26.576923076923077,85.09852216748769,65.53333333333333,5.247330960854092
894b2d25,MJ Potts,ODI,11,6,45,62,1,1,1,10,402,400,12,2,4,1,0,0,45.0,72.58064516129032,33.333333333333336,5.970149253731344
8955b928,S Dhakal,ODI,8,6,7,44,0,0,1,7,229,148,4,1,1,0,0,0,7.0,15.909090909090908,37.0,3.8777292576419216
896d78ad,AD Mathews,ODI,216,184,5646,6934,454,85,139,158,5126,3971,120,52,47,18,0,9,40.618705035971225,81.4248629939429,33.09166666666667,4.6480686695278965
89a7dd4a,JE Dunford,ODI,4,3,6,17,0,0,3,0,0,0,0,0,2,1,0,0,2.0,35.294117647058826,,
89c16049,Agha Salman,ODI,50,42,1507,1605,132,28,35,37,1090,1062,19,0,22,2,0,4,43.05714285714286,93.89408099688474,55.89473684210526,5.845871559633028
89ce57a8,S Fouché,ODI,11,10,261,403,22,2,10,9,306,265,12,1,3,0,0,1,26.1,64.76426799007444,22.083333333333332,5.196078431372549
89f64c19,LMP Simmons,ODI,67,64,1958,2741,162,50,61,12,156,172,1,0,28,4,0,3,32.09836065573771,71.4337832907698,172.0,6.615384615384615
89ffd337,Faisal Hossain,ODI,4,3,26,54,2,0,2,2,73,53,1,0,2,0,0,0,13.0,48.148148148148145,53.0,4.356164383561644
8a15b50b,RO Hussain,ODI,1,1,10,20,1,0,0,0,0,0,0,0,0,0,0,0,,50.0,,
8a28c5d4,Nadeem Khan,ODI,3,3,17,20,2,1,3,3,174,138,8,0,1,0,0,0,5.666666666666667,85.0,17.25,4.758620689655173
8a58f203,R Ugarkar,ODI,6,2,1,8,0,0,1,6,262,252,12,2,1,2,0,0,1.0,12.5,21.0,5.770992366412214
8a686d30,MS Atapattu,ODI,70,65,2025,3019,201,0,58,0,0,0,0,0,17,2,0,3,34.91379310344828,67.07519046041736,,
8a75e999,Babar Azam,ODI,137,134,6328,7441,587,66,118,0,0,0,0,0,63,4,0,14,53.6271186440678,85.04233301975542,,
8a79613a,D Soraine,ODI,2,2,3,10,0,0,2,2,53,37,1,0,1,0,0,0,1.5,30.0,37.0,4.188679245283018
8abdf100,CJ Anderson,ODI,48,43,1102,1044,85,55,40,42,1445,1464,58,9,10,2,0,5,27.55,105.55555555555556,25.24137931034483,6.078892733564014
8afe73e2,WA Young,ODI,62,62,1996,2409,224,26,57,0,0,0,0,0,30,0,0,5,35.01754385964912,82.85595682855957,,
8b261d84,MH Cross,ODI,101,88,2012,2865,174,20,85,0,0,0,0,0,114,12,11,3,23.67058823529412,70.22687609075044,,
8b3e9c7c,PP Shaw,ODI,6,6,189,174,32,2,6,0,0,0,0,0,2,0,0,1,31.5,108.62068965517241,,
8b5b6769,Harbhajan Singh,ODI,154,85,917,1147,63,28,62,145,7951,5834,166,42,36,11,0,3,14.790322580645162,79.94768962510898,35.144578313253014,4.402465098729719
8b8745fd,ML Lewis,ODI,5,1,4,4,0,0,0,5,228,258,3,1,1,1,0,0,,100.0,86.0,6.7894736842105265
8ba8195d,V Sehwag,ODI,169,165,5763,5649,769,107,163,86,2417,2037,54,9,60,7,0,15,35.355828220858896,102.01805629314924,37.72222222222222,5.056681836988002
8bb34d86,J Neill,ODI,1,0,0,0,0,0,0,1,30,33,0,0,0,0,0,0,,,,6.6
8bd614b2,Rony Talukdar,ODI,1,1,4,15,1,0,1,0,0,0,0,0,1,0,0,0,4.0,26.666666666666668,,
8bd9fd13,L Steenkamp,ODI,8,7,330,460,19,8,7,0,0,0,0,0,1,0,0,0,47.142857142857146,71.73913043478261,,
8c2aa0f9,PKD Chase,ODI,13,8,22,33,1,1,6,13,629,764,19,1,2,0,0,0,3.6666666666666665,66.66666666666666,40.21052631578947,7.287758346581876
8c7d6cbe,MW Machan,ODI,11,11,393,497,36,4,11,9,222,219,4,0,1,0,0,0,35.72727272727273,79.07444668008048,54.75,5.918918918918919
8c82ae9a,MN Nawaz,ODI,1,1,15,22,0,0,0,0,0,0,0,0,0,0,0,0,,68.18181818181817,,
8ce2080b,TJG Pringle,ODI,5,5,10,29,0,0,5,5,253,262,2,1,0,0,0,0,2.0,34.48275862068966,131.0,6.213438735177866
8cf9814c,Mohammed Shami,ODI,106,48,224,282,17,9,28,105,5223,4865,200,48,26,0,0,9,8.0,79.43262411347519,24.325,5.588742102240092
8d0ea930,MS Kasprowicz,ODI,17,4,11,21,1,0,1,16,860,573,31,14,5,0,0,2,11.0,52.38095238095239,18.483870967741936,3.997674418604651
8d2c70ad,Kuldeep Yadav,ODI,117,38,202,417,15,0,21,114,5965,5088,191,34,11,1,0,5,9.619047619047619,48.44124700239808,26.638743455497384,5.117854149203688
8d6a0fbc,BR Dorey,ODI,4,1,2,9,0,0,1,4,162,146,2,2,0,1,0,0,2.0,22.22222222222222,73.0,5.407407407407407
8d8c24fd,RJ Nicol,ODI,22,21,586,805,53,13,19,17,339,329,10,2,10,0,0,3,30.842105263157894,72.79503105590062,32.9,5.823008849557522
8d92a2c3,MA Wood,ODI,65,22,147,143,13,5,11,65,3284,3055,75,16,13,0,0,0,13.363636363636363,102.79720279720279,40.733333333333334,5.5816077953714975
8db7f47f,RJW Topley,ODI,29,11,20,66,0,1,3,29,1339,1210,46,15,4,0,0,1,6.666666666666667,30.303030303030305,26.304347826086957,5.421956684092606
8dbda772,Arshad Ali,ODI,2,2,47,90,5,0,2,2,96,100,0,0,1,0,0,0,23.5,52.22222222222223,,6.25
8dd02a98,LD Chandimal,ODI,151,137,3657,5072,249,42,118,0,0,0,0,0,56,8,7,6,30.991525423728813,72.10173501577287,,
8e554b6b,Abdul Samad,ODI,6,6,66,95,6,1,4,0,0,0,0,0,1,0,0,0,16.5,69.47368421052632,,
8ea6e670,NM Hauritz,ODI,50,27,295,317,20,6,14,48,2364,1866,53,11,17,5,0,1,21.071428571428573,93.05993690851734,35.20754716981132,4.7360406091370555
8eb2e2e6,L McCarthy,ODI,3,1,0,5,0,0,0,3,150,185,5,0,0,0,0,0,,0.0,37.0,7.4
8eb611d0,Mosharraf Hossain,ODI,4,4,22,64,0,0,3,4,150,123,1,0,0,0,0,0,7.333333333333333,34.375,123.0,4.92
8ec9db50,PD Macchi,ODI,4,4,23,49,3,0,4,0,0,0,0,0,5,0,0,0,5.75,46.93877551020408,,
8ee36b18,P Nissanka,ODI,67,67,2311,2780,295,25,64,0,0,0,0,0,17,1,0,3,36.109375,83.1294964028777,,
8f3c6b8a,Muhammad Farooq,ODI,2,2,4,16,1,0,2,2,78,66,0,1,1,0,0,0,2.0,25.0,,5.076923076923077
8f7a598f,RMS Eranga,ODI,18,11,34,68,4,0,3,16,674,652,20,3,3,1,0,0,11.333333333333334,50.0,32.6,5.804154302670623
8fb49ef8,Suhrawadi Shuvo,ODI,17,10,98,138,9,1,7,17,763,572,14,7,6,3,0,1,14.0,71.01449275362319,40.857142857142854,4.498034076015728
8fc65c2b,SM Davies,ODI,8,8,244,239,36,0,8,0,0,0,0,0,8,1,0,1,30.5,102.09205020920503,,
8fd1a8f5,DW Steyn,ODI,124,51,365,592,35,9,39,123,6195,5039,194,67,23,9,0,6,9.35897435897436,61.6554054054054,25.97422680412371,4.880387409200969
8fd3b94d,WD Balaji Rao,ODI,7,5,22,43,2,0,5,7,354,325,10,0,2,0,0,0,4.4,51.162790697674424,32.5,5.508474576271187
8ffe3c97,AR Pitcher,ODI,1,1,30,55,2,1,1,0,0,0,0,0,0,0,0,0,30.0,54.54545454545454,,
9018bf65,Mansoor Amjad,ODI,1,1,5,10,0,0,1,1,48,44,1,1,0,0,0,0,5.0,50.0,44.0,5.5
9025e58f,Junaid Siddiqui,ODI,8,6,59,147,1,1,6,8,352,270,5,0,3,0,0,0,9.833333333333334,40.136054421768705,54.0,4.6022727272727275
902d916b,Jubair Hossain,ODI,3,1,5,10,1,0,1,3,114,114,4,0,1,0,0,0,5.0,50.0,28.5,6.0
9061a703,J Little,ODI,41,14,81,90,11,2,10,39,1979,2068,60,9,7,2,0,3,8.1,90.0,34.46666666666667,6.269833249115715
907d6e58,Aamer Yamin,ODI,4,3,95,101,8,5,1,4,156,154,2,1,0,0,0,0,95.0,94.05940594059405,77.0,5.923076923076923
90de905a,K Gowtham,ODI,1,1,2,3,0,0,1,1,48,49,1,0,1,0,0,0,2.0,66.66666666666666,49.0,6.125
9103ecdb,Muhammad Rohid,ODI,3,2,14,19,2,0,0,3,180,150,2,2,0,0,0,0,,73.68421052631578,75.0,5.0
91052c96,PW Borren,ODI,21,17,413,463,42,8,14,14,486,436,5,2,7,1,0,0,29.5,89.20086393088553,87.2,5.382716049382716
9124aa4c,Zuhaib Zubair,ODI,4,4,39,51,3,1,4,4,150,138,0,0,0,0,0,0,9.75,76.47058823529412,,5.52
915264c2,HN Ya France,ODI,22,17,237,293,20,8,9,21,709,542,12,4,7,0,0,1,26.333333333333332,80.88737201365188,45.166666666666664,4.586741889985896
9170ff49,Parvez Rasool,ODI,1,0,0,0,0,0,0,1,60,60,2,0,0,0,0,0,,,30.0,6.0
919a3be2,RR Pant,ODI,31,27,871,846,91,26,26,0,0,0,0,0,27,1,1,1,33.5,102.95508274231679,,
91a4a398,Z Khan,ODI,132,59,531,758,47,16,43,129,6582,5500,180,73,28,12,0,5,12.348837209302326,70.05277044854881,30.555555555555557,5.013673655423883
91bbd893,KP Walmsley,ODI,1,0,0,0,0,0,0,1,60,64,1,0,0,0,0,0,,,64.0,6.4
91c984a1,JW Wilson,ODI,1,1,1,2,0,0,1,1,54,68,1,0,1,0,0,0,1.0,50.0,68.0,7.555555555555555
91cd48e0,JF Smith,ODI,2,2,132,151,10,6,2,1,30,29,0,0,0,0,0,0,66.0,87.41721854304636,,5.8
91ffa6c6,JD Ryder,ODI,43,36,1242,1294,141,33,36,16,347,352,11,0,12,0,0,3,34.5,95.98145285935085,32.0,6.086455331412104
9219eff0,JDS Neesham,ODI,75,65,1508,1538,128,39,53,71,2388,2525,66,8,25,2,0,1,28.452830188679247,98.04941482444734,38.25757575757576,6.344221105527638
922e1b19,Z Crawley,ODI,9,9,205,219,24,2,8,0,0,0,0,0,8,0,0,0,25.625,93.60730593607306,,
928670cc,BJ Watling,ODI,28,24,573,860,58,3,23,0,0,0,0,0,20,1,0,0,24.91304347826087,66.62790697674419,,
9295145b,SD Outerbridge,ODI,9,9,72,147,7,0,9,1,6,11,1,0,1,0,0,0,8.0,48.97959183673469,11.0,11.0
92aa28fe,ML Cummins,ODI,9,2,5,9,1,0,1,8,390,442,8,2,1,0,0,0,5.0,55.55555555555556,55.25,6.8
92aeac25,AD Hales,ODI,67,65,2330,2483,270,45,62,0,0,0,0,0,27,0,0,5,37.58064516129032,93.83809907370116,,
92c43fac,RD McCann,ODI,2,2,23,57,1,0,2,0,0,0,0,0,1,0,0,0,11.5,40.35087719298245,,
934b36a6,Khawar Ali,ODI,32,28,620,1080,55,6,23,32,1514,1190,39,5,16,0,0,3,26.956521739130434,57.407407407407405,30.512820512820515,4.715984147952444
93b4fc78,MK Pandey,ODI,28,23,558,624,45,5,16,0,0,0,0,0,10,0,0,1,34.875,89.42307692307693,,
93f104b4,Tanvir Ahmed,ODI,1,1,18,12,1,2,1,1,36,45,1,0,1,0,0,0,18.0,150.0,45.0,7.5
94238673,HK Bennett,ODI,19,5,10,35,0,0,2,18,892,820,33,6,3,1,0,1,5.0,28.57142857142857,24.848484848484848,5.515695067264574
94268960,S Qeshile,ODI,2,1,22,24,3,0,1,0,0,0,0,0,0,0,0,0,22.0,91.66666666666666,,
943ca0cd,NT Nyamhuri,ODI,3,1,33,55,5,0,1,3,96,77,2,3,2,0,0,1,33.0,60.0,38.5,4.8125
944533a5,KK Nair,ODI,2,2,46,89,6,0,2,0,0,0,0,0,0,0,0,0,23.0,51.68539325842697,,
94759472,Adhitya Shetty,ODI,1,0,0,0,0,0,0,1,60,56,1,1,1,0,0,0,,,56.0,5.6
94b8d7dd,A Saud,ODI,11,11,189,401,17,4,11,0,0,0,0,0,8,1,2,0,17.181818181818183,47.13216957605985,,
94d7f855,C de Grandhomme,ODI,44,35,742,714,59,29,28,44,1524,1216,29,9,16,0,0,1,26.5,103.921568627451,41.93103448275862,4.78740157480315
94eac556,CJ McKay,ODI,58,29,190,343,15,2,21,58,2911,2346,96,37,4,4,0,3,9.047619047619047,55.39358600583091,24.4375,4.835451734799038
94edecfe,PJK Mooney,ODI,2,2,11,8,1,0,1,2,51,57,0,0,2,0,0,0,11.0,137.5,,6.705882352941177
953e3931,BA Williams,ODI,20,4,14,25,0,0,2,19,951,643,31,12,2,3,0,3,7.0,56.00000000000001,20.741935483870968,4.056782334384858
9550470d,WIA Fernando,ODI,48,47,1405,1657,147,23,47,0,0,0,0,0,20,0,0,6,29.893617021276597,84.7917923958962,,
95a06106,GLS Scrimshaw,ODI,1,0,0,0,0,0,0,1,52,66,3,0,0,0,0,0,,,22.0,7.615384615384616
95a5e066,MG Erasmus,ODI,68,66,2161,2889,172,48,60,53,1810,1364,52,15,36,8,0,5,36.016666666666666,74.80096919349256,26.23076923076923,4.521546961325966
95db4ab0,CK Kruger,ODI,2,2,3,21,0,0,2,0,0,0,0,0,0,0,0,0,1.5,14.285714285714285,,
95fcbfb7,TK Patel,ODI,6,6,71,149,7,0,4,5,174,120,5,6,1,0,0,0,17.75,47.651006711409394,24.0,4.137931034482759
9633359f,JS Malhotra,ODI,15,15,358,382,23,20,12,4,102,67,2,0,10,1,1,1,29.833333333333332,93.717277486911,33.5,3.9411764705882355
96503059,Ahsan Malik,ODI,6,2,4,12,0,0,0,5,201,189,8,0,3,0,0,0,,33.33333333333333,23.625,5.641791044776119
96824e68,CP Tremain,ODI,4,3,23,39,2,1,1,4,240,255,7,0,1,0,0,0,23.0,58.97435897435898,36.42857142857143,6.375
96a2336e,Sami Aslam,ODI,4,4,78,123,9,0,4,0,0,0,0,0,0,0,0,0,19.5,63.41463414634146,,
96a6a7ad,NM Lyon,ODI,29,13,77,83,7,2,4,29,1626,1334,29,11,4,0,0,1,19.25,92.7710843373494,46.0,4.922509225092251
96dced3e,W Mwayenga,ODI,2,2,1,11,0,0,2,2,72,83,1,1,2,0,0,0,0.5,9.090909090909092,83.0,6.916666666666667
96f5b685,AA Paradkar,ODI,6,5,51,85,3,1,4,6,222,242,9,2,1,0,0,0,12.75,60.0,26.88888888888889,6.54054054054054
96fd40ae,A Nehra,ODI,79,31,90,174,9,2,20,79,3618,3279,105,31,10,4,0,2,4.5,51.724137931034484,31.228571428571428,5.437810945273632
971c3f6d,FRJ Coleman,ODI,9,8,160,220,18,1,8,0,0,0,0,0,5,0,0,0,20.0,72.72727272727273,,
97290faf,S Joseph,ODI,8,4,34,38,1,2,1,8,347,357,4,2,1,0,0,0,34.0,89.47368421052632,89.25,6.172910662824207
97463e7d,Bikram Sob,ODI,5,4,4,19,0,0,3,5,127,115,5,2,1,0,0,0,1.3333333333333333,21.052631578947366,23.0,5.433070866141732
977b841a,SSJ Brooks,ODI,29,29,842,1150,69,16,28,0,0,0,0,0,14,0,0,2,30.071428571428573,73.21739130434783,,
97b0e4ff,SC van Schalkwyk,ODI,12,9,138,236,12,3,8,12,492,493,16,5,4,0,0,0,17.25,58.47457627118644,30.8125,6.012195121951219
97b7c5c0,VAB Tewarie,ODI,1,1,4,22,0,0,1,0,0,0,0,0,0,0,0,0,4.0,18.181818181818183,,
97bdec3d,G Motie,ODI,40,27,425,477,43,16,22,39,1991,1575,51,10,15,0,0,1,19.318181818181817,89.09853249475891,30.88235294117647,4.746358613761929
97edbfb1,JN Rhodes,ODI,2,1,2,6,0,0,1,0,0,0,0,0,0,0,0,0,2.0,33.33333333333333,,
97f437ed,NF Kelly,ODI,8,8,265,364,33,5,8,0,0,0,0,0,1,0,0,0,33.125,72.8021978021978,,
9811e35e,Gulsan Jha,ODI,48,41,927,1151,63,45,31,43,1323,1308,39,6,12,2,0,3,29.903225806451612,80.53866203301477,33.53846153846154,5.931972789115647
98299b67,HGV Vare,ODI,6,5,20,31,2,0,4,0,0,0,0,0,7,3,0,0,5.0,64.51612903225806,,
98653b57,HR Johnson,ODI,2,2,9,21,0,0,1,2,60,69,1,1,0,0,0,0,9.0,42.857142857142854,69.0,6.9
9868bc75,BMAJ Mendis,ODI,56,42,593,741,45,12,34,47,1374,1185,28,2,8,6,0,1,17.441176470588236,80.02699055330635,42.32142857142857,5.17467248908297
989889ff,JP Inglis,ODI,37,34,969,984,102,24,31,0,0,0,0,0,31,4,5,1,31.258064516129032,98.47560975609755,,
98ae73b1,PP Chawla,ODI,25,12,38,60,3,0,7,25,1312,1117,32,7,8,2,0,0,5.428571428571429,63.33333333333333,34.90625,5.108231707317073
98d05440,B Regmi,ODI,2,2,12,30,2,0,2,2,66,50,2,0,0,0,0,0,6.0,40.0,25.0,4.545454545454546
98e908bd,TB Sole,ODI,8,6,38,37,7,0,5,8,402,287,9,7,5,0,0,1,7.6,102.7027027027027,31.88888888888889,4.2835820895522385
98ecf62a,HH Dippenaar,ODI,42,36,1283,1903,117,7,31,0,0,0,0,0,17,0,0,7,41.38709677419355,67.4198633736206,,
9911ecbb,Salman Faris,ODI,1,1,0,2,0,0,1,0,0,0,0,0,0,0,0,0,0.0,0.0,,
9920dd86,CA Soper,ODI,50,47,653,1179,30,7,35,50,2329,1714,64,27,11,0,0,2,18.65714285714286,55.38592027141645,26.78125,4.415629025332761
99258814,Gurnoor Brar,ODI,3,2,25,29,1,1,1,3,174,225,4,0,1,0,0,0,25.0,86.20689655172413,56.25,7.758620689655173
99464591,MJ North,ODI,2,2,6,19,0,0,2,1,18,16,0,0,1,0,0,0,3.0,31.57894736842105,,5.333333333333333
9948e262,HE van der Dussen,ODI,68,63,2529,2965,197,47,52,1,6,3,1,0,28,0,0,3,48.63461538461539,85.29510961214164,3.0,3.0
99639abf,NJ Astle,ODI,44,43,1571,2078,163,19,37,21,401,340,6,1,13,2,0,5,42.45945945945946,75.60153994225216,56.666666666666664,5.087281795511222
99663fa5,D Mongia,ODI,24,18,325,545,24,3,16,13,500,416,11,2,7,1,0,0,20.3125,59.63302752293578,37.81818181818182,4.992
99b75528,JC Buttler,ODI,197,171,5536,4886,450,186,140,0,0,0,0,0,237,23,38,13,39.542857142857144,113.3033155955792,,
99cddc5e,GH Dockrell,ODI,98,72,1197,1475,97,26,50,76,3191,2643,65,16,26,8,0,0,23.94,81.15254237288136,40.66153846153846,4.969602005640865
99d63244,KM Jadhav,ODI,71,49,1318,1307,136,23,31,41,1145,993,26,2,30,0,0,3,42.516129032258064,100.84162203519512,38.19230769230769,5.203493449781659
99d7d5b7,Akif Javed,ODI,3,3,10,14,2,0,2,3,168,165,7,2,0,0,0,0,5.0,71.42857142857143,23.571428571428573,5.892857142857143
9a137157,OO Bascome,ODI,1,1,17,47,2,0,1,0,0,0,0,0,0,0,0,0,17.0,36.17021276595745,,
9a158001,Azhar Mahmood,ODI,12,9,126,164,9,4,6,10,388,310,5,3,0,0,0,0,21.0,76.82926829268293,62.0,4.793814432989691
9a2fc964,BC Fortuin,ODI,13,9,61,97,3,1,8,12,585,506,15,3,2,0,0,0,7.625,62.88659793814433,33.733333333333334,5.18974358974359
9a46c4e5,GD Phillips,ODI,46,38,1191,1169,88,47,29,31,798,812,16,1,28,3,0,2,41.06896551724138,101.88195038494439,50.75,6.105263157894737
9a6b71d1,SP Khakurel,ODI,5,5,78,166,3,1,5,0,0,0,0,0,0,0,0,0,15.6,46.98795180722892,,
9a95bebb,S Bau,ODI,49,49,874,1483,71,8,46,20,606,488,9,1,15,3,0,2,19.0,58.93459204315577,54.22222222222222,4.8316831683168315
9a963804,LE Plunkett,ODI,85,47,536,503,46,15,29,84,3981,3817,131,15,23,2,0,0,18.482758620689655,106.56063618290258,29.137404580152673,5.752825923134891
9ab2914d,S Samarawickrama,ODI,48,44,1268,1439,132,7,40,0,0,0,0,0,7,2,0,2,31.7,88.11674774148715,,
9ab63e7b,Mohammad Hafeez,ODI,204,202,6351,8347,635,106,187,164,7217,4989,129,42,74,10,0,19,33.962566844919785,76.08721696417875,38.674418604651166,4.147706803380906
9ac1dc9f,Qadeer Ahmed,ODI,8,3,2,12,0,0,0,8,354,326,5,0,1,0,0,0,,16.666666666666664,65.2,5.52542372881356
9aedf23b,T Mayes,ODI,2,1,8,5,1,0,0,2,78,72,1,2,1,0,0,0,,160.0,72.0,5.538461538461538
9b12068b,S Jyoti,ODI,3,2,19,43,0,1,2,0,0,0,0,0,0,0,0,0,9.5,44.18604651162791,,
9b4935c8,CJ Ferguson,ODI,30,25,663,795,64,0,16,0,0,0,0,0,7,1,0,1,41.4375,83.39622641509435,,
9b6ad88a,R Gunasekera,ODI,13,13,255,463,19,4,13,0,0,0,0,0,5,1,0,1,19.615384615384617,55.0755939524838,,
9b6e1b3f,J Fraser-McGurk,ODI,7,7,98,77,13,4,7,0,0,0,0,0,3,0,0,0,14.0,127.27272727272727,,
9b75e4f1,M Zondeki,ODI,9,2,1,3,0,0,1,8,366,327,7,5,2,0,0,0,1.0,33.33333333333333,46.714285714285715,5.360655737704918
9b79b9de,KTGD Prasad,ODI,22,10,120,117,9,3,5,22,937,919,28,4,1,3,0,0,24.0,102.56410256410255,32.82142857142857,5.884738527214515
9b8a3c39,Muhammad Musa,ODI,2,1,9,3,2,0,0,2,97,101,2,2,0,0,0,0,,300.0,50.5,6.24742268041237
9ba59a3c,LJ Woodcock,ODI,4,2,14,22,1,0,1,4,164,155,3,1,0,0,0,0,14.0,63.63636363636363,51.666666666666664,5.670731707317073
9c1ccdea,J Louw,ODI,1,1,23,7,1,3,1,1,42,50,0,0,0,0,0,0,23.0,328.57142857142856,,7.142857142857143
9c376401,CS MacLeod,ODI,62,61,2015,2570,207,26,59,33,728,620,8,3,43,1,0,5,34.152542372881356,78.40466926070039,77.5,5.10989010989011
9c821d2e,RA Herman,ODI,1,1,1,2,0,0,1,0,0,0,0,0,0,0,0,0,1.0,50.0,,
9c8448ba,OJ Peake,ODI,4,4,72,93,5,3,4,0,0,0,0,0,0,0,0,0,18.0,77.41935483870968,,
9c9af282,Naseem Shah,ODI,32,16,196,231,9,12,10,31,1617,1498,58,7,2,2,0,2,19.6,84.84848484848484,25.82758620689655,5.558441558441558
9c9f8dbc,H Davids,ODI,2,2,8,25,0,0,2,0,0,0,0,0,0,0,0,0,4.0,32.0,,
9caf69a1,WG Jacks,ODI,26,23,679,682,61,20,21,18,528,549,10,1,12,2,0,1,32.333333333333336,99.56011730205279,54.9,6.238636363636363
9cb022df,A Codrington,ODI,6,6,33,79,3,0,6,5,180,164,6,4,0,0,0,1,5.5,41.77215189873418,27.333333333333332,5.466666666666667
9cb8d7a6,Imad Wasim,ODI,54,39,937,860,87,19,23,52,2343,1909,42,10,10,0,0,0,40.73913043478261,108.95348837209302,45.45238095238095,4.888604353393085
9cbbe35b,TG Gordon,ODI,4,4,23,58,2,0,4,1,3,1,0,0,1,0,0,0,5.75,39.6551724137931,,2.0
9d0344f3,Akif Raja,ODI,5,0,0,0,0,0,1,5,228,160,3,4,2,0,0,0,0.0,,53.333333333333336,4.2105263157894735
9d0e7c58,DM Richards,ODI,8,7,179,260,21,3,7,0,0,0,0,0,5,0,0,0,25.571428571428573,68.84615384615384,,
9d1d34bd,Taijul Islam,ODI,17,10,89,137,8,1,8,17,876,690,28,9,0,0,0,2,11.125,64.96350364963503,24.642857142857142,4.726027397260274
9d1f42c6,Ashfaq Ahmed,ODI,15,15,343,395,38,9,15,6,199,162,4,1,5,0,0,0,22.866666666666667,86.83544303797468,40.5,4.884422110552764
9d430b40,SP Narine,ODI,64,42,363,455,36,12,33,64,3480,2380,92,34,13,3,0,6,11.0,79.78021978021978,25.869565217391305,4.103448275862069
9d450c28,C Hemraj,ODI,6,6,82,101,13,2,6,1,7,9,0,0,2,0,0,0,13.666666666666666,81.1881188118812,,7.7142857142857135
9d65b06f,ADJ Pitcher,ODI,1,1,8,12,0,1,1,1,37,38,0,0,0,0,0,0,8.0,66.66666666666666,,6.162162162162162
9d710afe,DR Flynn,ODI,12,10,167,247,19,1,9,2,18,19,0,0,4,1,0,0,18.555555555555557,67.61133603238866,,6.333333333333333
9dad0f2e,Mahedi Hasan,ODI,12,11,125,205,10,2,9,12,589,473,15,3,2,0,0,0,13.88888888888889,60.97560975609756,31.533333333333335,4.818336162988115
9db20c92,D Bau,ODI,9,8,130,222,10,1,7,0,0,0,0,0,5,0,2,0,18.571428571428573,58.55855855855856,,
9dc3ea7e,H Hiri,ODI,32,32,435,794,30,5,28,7,102,113,3,0,2,1,0,0,15.535714285714286,54.78589420654912,37.666666666666664,6.647058823529412
9dca07d7,RJ Sidebottom,ODI,22,16,124,187,11,0,10,22,1144,936,24,11,6,0,0,0,12.4,66.31016042780749,39.0,4.909090909090909
9de271ef,P Utseya,ODI,118,97,1114,1935,76,11,59,115,6133,4773,91,32,25,9,0,1,18.88135593220339,57.57105943152455,52.45054945054945,4.669492907223219
9de31202,RW Staple,ODI,2,2,4,13,1,0,2,1,60,76,2,0,0,0,0,0,2.0,30.76923076923077,38.0,7.6
9de62878,Shadab Khan,ODI,68,41,814,1016,46,20,29,65,3310,2910,82,11,15,2,0,2,28.06896551724138,80.11811023622047,35.48780487804878,5.274924471299094
9e0bd203,B Ward,ODI,4,4,69,106,7,2,3,4,181,186,4,1,1,0,0,0,23.0,65.09433962264151,46.5,6.165745856353591
9e52a414,Towhid Hridoy,ODI,45,41,1493,1910,97,27,35,1,1,2,0,0,13,3,0,1,42.65714285714286,78.16753926701571,,12.0
9e76cdb3,Ansh Patel,ODI,2,0,0,0,0,0,0,2,84,81,3,0,2,0,0,0,,,27.0,5.785714285714286
9e9af5f2,Mohammad Wasim,ODI,26,14,94,106,7,5,11,26,1227,1140,43,7,7,6,0,1,8.545454545454545,88.67924528301887,26.511627906976745,5.574572127139365
9eb1455b,NT Ellis,ODI,21,17,130,164,8,6,12,21,1035,907,27,7,5,1,0,1,10.833333333333334,79.26829268292683,33.592592592592595,5.257971014492754
9ec74db8,CM McBride,ODI,22,19,407,575,50,3,18,9,180,135,3,0,6,0,0,1,22.61111111111111,70.78260869565217,45.0,4.5
9eea360c,Mohammad Salman,ODI,5,3,22,40,2,0,2,0,0,0,0,0,2,2,1,0,11.0,55.00000000000001,,
9f0270e0,AG Cremer,ODI,68,49,507,897,33,1,40,67,3196,2582,69,13,22,6,0,0,12.675,56.52173913043478,37.42028985507246,4.847309136420526
9f038761,J Figy John,ODI,2,2,55,75,4,0,1,0,0,0,0,0,1,0,0,0,55.0,73.33333333333333,,
9f308dfc,JP Kotze,ODI,25,25,448,682,43,7,24,0,0,0,0,0,3,1,0,0,18.666666666666668,65.6891495601173,,
9f62b897,MKGCP Lakshitha,ODI,2,1,4,6,0,0,1,2,72,65,2,0,0,0,0,0,4.0,66.66666666666666,32.5,5.416666666666667
9f961c14,Joginder Sharma,ODI,2,1,5,2,1,0,0,2,66,48,1,2,2,0,0,0,,250.0,48.0,4.363636363636363
9f998ed8,CW Perchard,ODI,4,3,31,35,1,2,0,4,210,170,6,2,0,0,0,0,,88.57142857142857,28.333333333333332,4.857142857142857
9f9b903e,TK Musakanda,ODI,9,9,210,240,23,3,9,0,0,0,0,0,5,0,0,0,23.333333333333332,87.5,,
9fa4ff04,Shahriar Hossain,ODI,1,1,0,3,0,0,1,0,0,0,0,0,0,0,0,0,0.0,0.0,,
9fbc7bc4,KO Meth,ODI,8,6,49,93,5,0,6,8,388,413,5,1,1,2,0,0,8.166666666666666,52.68817204301075,82.6,6.386597938144329
9fd3a210,Zafar Gohar,ODI,1,1,15,15,0,1,1,1,60,54,2,0,0,0,0,0,15.0,100.0,27.0,5.4
9ff100a6,RS Gavaskar,ODI,9,8,93,164,5,1,6,2,72,74,1,0,3,0,0,0,15.5,56.70731707317073,74.0,6.166666666666667
9ff7f691,SF Burger,ODI,2,2,11,20,1,0,2,2,66,67,0,0,1,0,0,0,5.5,55.00000000000001,,6.090909090909091
9ffd1ac1,T Bavuma,ODI,51,49,1894,2187,188,26,46,1,37,22,0,0,28,0,0,2,41.17391304347826,86.6026520347508,,3.5675675675675675
a03bba42,T Shamsi,ODI,55,13,39,71,4,0,4,52,2697,2510,73,10,6,0,0,2,9.75,54.929577464788736,34.38356164383562,5.583982202447164
a089f93f,Mohammad Abbas,ODI,3,0,0,0,0,0,0,3,162,153,1,0,0,0,0,0,,,153.0,5.666666666666667
a1000a26,HJW Gardiner,ODI,7,7,142,220,16,0,7,0,0,0,0,0,4,0,0,0,20.285714285714285,64.54545454545455,,
a120e81b,Mohammed Qasim,ODI,4,4,91,179,10,0,4,2,78,43,2,1,2,0,0,0,22.75,50.83798882681564,21.5,3.3076923076923075
a12e1d51,SL Malinga,ODI,213,106,508,701,41,19,78,208,10336,9251,322,89,21,14,0,8,6.512820512820513,72.46790299572041,28.729813664596275,5.37016253869969
a15618fe,JM Vince,ODI,24,21,590,682,73,3,21,2,42,38,1,0,10,1,0,1,28.095238095238095,86.51026392961877,38.0,5.428571428571429
a159b802,A van der Merwe,ODI,3,1,4,4,0,0,0,3,126,79,1,2,0,0,0,0,,100.0,79.0,3.761904761904762
a15aaa7f,TR Ambrose,ODI,5,5,10,34,0,0,4,0,0,0,0,0,3,0,0,0,2.5,29.411764705882355,,
a1d053dd,SS Cottrell,ODI,34,17,88,135,6,4,8,33,1584,1580,48,10,14,0,0,0,11.0,65.18518518518519,32.916666666666664,5.984848484848484
a1d3540a,PJ Moor,ODI,38,32,520,781,29,20,31,0,0,0,0,0,11,1,1,1,16.774193548387096,66.58130601792574,,
a1d8d8ba,CO Browne,ODI,12,8,144,171,14,2,6,0,0,0,0,0,16,0,3,0,24.0,84.21052631578947,,
a1d95bd8,LB Williams,ODI,8,4,18,26,2,0,4,8,406,398,16,4,0,0,0,0,4.5,69.23076923076923,24.875,5.881773399014778
a21ea40c,CK Coventry,ODI,26,24,645,737,48,26,23,0,0,0,0,0,10,0,1,1,28.043478260869566,87.51696065128901,,
a2421394,AC Agar,ODI,22,18,322,400,28,4,13,22,1098,958,21,4,10,1,0,1,24.76923076923077,80.5,45.61904761904762,5.2349726775956285
a24be938,VR Iyer,ODI,2,2,24,41,0,1,2,1,30,28,0,0,0,1,0,0,12.0,58.536585365853654,,5.6
a28a7fba,A Johnson,ODI,20,19,438,460,53,23,19,1,24,14,0,0,10,1,0,0,23.05263157894737,95.21739130434783,,3.5
a2a1efe2,LC Romero,ODI,2,2,1,7,0,0,2,1,24,52,1,0,1,0,0,0,0.5,14.285714285714285,52.0,13.0
a2eac9df,Waqas Barkat,ODI,4,4,25,54,2,0,3,1,12,19,0,0,1,0,0,0,8.333333333333334,46.2962962962963,,9.5
a2f46292,KK Ahmed,ODI,10,2,8,17,1,0,2,10,420,420,14,1,0,0,0,0,4.0,47.05882352941176,30.0,6.0
a300e810,PRP Boissevain,ODI,3,3,33,57,2,0,3,3,129,192,1,0,1,0,0,0,11.0,57.89473684210527,192.0,8.930232558139535
a319edf8,AT Nidamanuru,ODI,40,37,893,1003,60,31,33,1,6,8,0,0,13,0,0,2,27.060606060606062,89.03290129611166,,8.0
a323465c,RR Joshi,ODI,1,1,3,4,0,0,1,1,60,77,0,0,0,0,0,0,3.0,75.0,,7.7
a343262c,JE Root,ODI,186,177,7578,8799,617,52,149,76,1704,1678,29,2,78,2,0,13,50.85906040268456,86.12342311626321,57.86206896551724,5.908450704225352
a354c917,NT Broom,ODI,37,37,919,1168,78,10,34,0,0,0,0,0,9,2,0,1,27.029411764705884,78.68150684931507,,
a3690f55,Khuzaima Tanveer,ODI,3,3,51,39,2,5,2,3,135,110,3,1,0,0,0,0,25.5,130.76923076923077,36.666666666666664,4.888888888888889
a36915ce,N Vanua,ODI,51,49,769,974,39,45,45,49,2119,1823,51,18,13,3,0,1,17.08888888888889,78.95277207392198,35.745098039215684,5.161868806040585
a386e91b,PD Collingwood,ODI,158,145,4148,5507,300,60,116,120,4234,3425,86,12,85,19,0,10,35.758620689655174,75.32231705102596,39.825581395348834,4.853566367501181
a38e7be7,S Daniel,ODI,1,1,12,29,1,0,1,0,0,0,0,0,0,0,0,0,12.0,41.37931034482759,,
a3a078ba,Subashis Roy,ODI,1,1,1,9,0,0,0,1,60,45,1,1,0,0,0,0,,11.11111111111111,45.0,4.5
a3b936c8,MWA van Nierop,ODI,1,1,4,16,1,0,1,0,0,0,0,0,0,0,0,0,4.0,25.0,,
a3bfec5d,SR Clark,ODI,37,11,69,90,6,1,5,36,1709,1373,48,17,6,3,0,0,13.8,76.66666666666667,28.604166666666668,4.820362785254535
a45a5e8d,AM Nayar,ODI,3,1,0,7,0,0,0,1,18,17,0,0,0,0,0,0,,0.0,,5.666666666666667
a4799701,Danish Aziz,ODI,2,2,12,22,2,0,2,2,30,27,0,0,0,0,0,0,6.0,54.54545454545454,,5.4
a48fc79d,EC Joyce,ODI,60,60,1845,2666,181,16,56,0,0,0,0,0,21,4,0,5,32.94642857142857,69.20480120030007,,
a4af4849,AF Giles,ODI,37,19,288,392,21,4,13,33,1698,1150,34,11,11,0,0,0,22.153846153846153,73.46938775510205,33.8235294117647,4.063604240282685
a4cc73aa,SV Samson,ODI,16,14,510,527,34,22,9,0,0,0,0,0,9,1,2,2,56.666666666666664,96.7741935483871,,
a4e37e47,S Dube,ODI,6,5,43,50,3,2,5,6,179,165,3,0,1,0,0,0,8.6,86.0,55.0,5.5307262569832405
a549066c,J Patraj,ODI,2,2,21,48,1,0,2,2,90,76,2,0,1,0,0,0,10.5,43.75,38.0,5.066666666666666
a5544576,D Murphy,ODI,2,2,9,28,0,0,2,0,0,0,0,0,3,0,2,0,4.5,32.142857142857146,,
a557333b,VO Lawes,ODI,5,3,2,25,0,0,2,5,258,228,8,1,0,1,0,0,1.0,8.0,28.5,5.3023255813953485
a56f4b65,PL Mommsen,ODI,19,19,601,786,49,3,15,0,0,0,0,0,10,0,0,1,40.06666666666667,76.46310432569975,,
a58af75f,Bazid Khan,ODI,5,5,131,237,7,1,5,1,12,11,0,0,1,0,0,0,26.2,55.27426160337553,,5.5
a5c48ed1,C Wickramasinghe,ODI,4,3,58,106,4,1,3,4,56,66,1,0,2,0,0,0,19.333333333333332,54.71698113207547,66.0,7.071428571428571
a5c5a126,Mohammad Khalil,ODI,3,0,0,0,0,0,0,3,144,144,5,0,2,0,0,0,,,28.8,6.0
a61bcb94,K Pierre,ODI,10,8,81,131,5,3,3,9,510,364,6,4,8,1,0,0,27.0,61.832061068702295,60.666666666666664,4.2823529411764705
a63775d6,Rahat Ali,ODI,14,5,8,37,0,0,3,14,679,658,18,1,1,0,0,0,2.6666666666666665,21.62162162162162,36.55555555555556,5.814432989690721
a64e3b89,SK Atai,ODI,15,12,90,184,6,0,9,2,48,35,0,0,9,0,1,0,10.0,48.91304347826087,,4.375
a670d624,RR Watson,ODI,11,11,239,344,32,2,9,4,126,87,3,2,2,0,0,0,26.555555555555557,69.47674418604652,29.0,4.142857142857143
a6bab2a9,K Gore,ODI,13,12,171,256,13,2,10,13,426,287,11,7,3,0,0,1,17.1,66.796875,26.09090909090909,4.042253521126761
a6c84e0e,Naumanullah,ODI,1,1,5,4,1,0,1,0,0,0,0,0,0,0,0,0,5.0,125.0,,
a71d0f89,R Chopra,ODI,18,18,454,622,40,10,18,0,0,0,0,0,7,2,0,2,25.22222222222222,72.9903536977492,,
a72b14ff,CT Tremlett,ODI,14,11,50,91,2,2,7,14,734,673,11,2,4,0,0,0,7.142857142857143,54.94505494505495,61.18181818181818,5.501362397820164
a73321d3,A Shahzad,ODI,10,8,40,62,0,3,6,10,529,459,15,3,4,2,0,0,6.666666666666667,64.51612903225806,30.6,5.206049149338374
a7489342,IDR Bradshaw,ODI,48,25,259,423,18,4,14,48,2446,1735,61,25,4,2,0,2,18.5,61.22931442080378,28.442622950819672,4.255928045789043
a757b0d8,KA Pollard,ODI,117,107,2608,2877,165,129,100,77,2155,2059,55,4,58,9,0,4,26.08,90.64998262078554,37.43636363636364,5.732714617169373
a75a78eb,MR Swart,ODI,6,5,59,78,6,1,5,5,144,115,1,0,3,0,0,0,11.8,75.64102564102564,115.0,4.791666666666667
a76d4082,T Suri,ODI,5,5,91,127,14,0,5,0,0,0,0,0,2,0,0,0,18.2,71.65354330708661,,
a790df98,S Snater,ODI,2,2,21,13,1,1,1,2,79,125,1,0,2,0,0,0,21.0,161.53846153846155,125.0,9.49367088607595
a7a6c1c2,AR Odedara,ODI,10,10,243,481,23,6,9,0,0,0,0,0,2,0,0,1,27.0,50.51975051975052,,
a7c226e1,FH Edwards,ODI,41,18,70,154,5,0,7,40,1730,1462,49,19,4,1,0,2,10.0,45.45454545454545,29.836734693877553,5.070520231213873
a7c7802a,AJ Ireland,ODI,13,7,12,64,1,0,6,13,635,591,15,4,0,0,0,0,2.0,18.75,39.4,5.584251968503938
a818c1be,TA Boult,ODI,111,50,216,284,20,7,24,110,6024,5075,206,67,38,2,0,9,9.0,76.05633802816901,24.635922330097088,5.054780876494024
a81d6706,C Jonker,ODI,2,2,31,34,5,1,2,0,0,0,0,0,0,0,0,0,15.5,91.17647058823529,,
a82eb3fb,TP Ura,ODI,51,51,1196,1526,131,24,50,1,6,12,0,0,22,2,0,1,23.92,78.3748361730013,,12.0
a830c083,ND McKenzie,ODI,9,7,182,260,16,0,6,0,0,0,0,0,3,0,0,0,30.333333333333332,70.0,,
a86a37ab,Mohammad Ali,ODI,1,1,0,2,0,0,0,1,60,53,1,0,0,0,0,0,,0.0,53.0,5.3
a879b92c,W Madhevere,ODI,40,37,841,1088,77,6,37,28,788,683,17,2,14,4,0,1,22.72972972972973,77.29779411764706,40.1764705882353,5.200507614213198
a8ac334b,Muhammad Shahdad,ODI,7,7,297,387,19,11,7,7,201,189,4,0,3,0,0,1,42.42857142857143,76.74418604651163,47.25,5.641791044776119
a8bbd62e,GI Maiden,ODI,1,1,12,14,1,0,0,0,0,0,0,0,3,0,0,0,,85.71428571428571,,
a8ce3491,AJ Stewart,ODI,13,12,398,547,32,1,11,0,0,0,0,0,12,2,2,0,36.18181818181818,72.76051188299817,,
a8e3170f,Mohammad Irfan,ODI,60,30,48,152,5,2,12,60,3109,2549,83,29,10,3,0,1,4.0,31.57894736842105,30.710843373493976,4.919266645223545
a8e54ef4,Aamer Jamal,ODI,3,2,5,9,1,0,0,3,96,85,3,1,0,0,0,0,,55.55555555555556,28.333333333333332,5.3125
a8e56914,D Olivier,ODI,2,0,0,0,0,0,0,2,114,124,3,0,0,0,0,0,,,41.333333333333336,6.526315789473684
a90e53ec,MW Short,ODI,22,20,442,518,45,10,20,18,420,386,6,1,9,1,0,0,22.1,85.32818532818533,64.33333333333333,5.514285714285714
a91392b4,Zeeshan Siddiqi,ODI,1,1,7,21,1,0,1,0,0,0,0,0,0,0,0,0,7.0,33.33333333333333,,
a9231c3f,SR Taylor,ODI,45,45,1093,1439,125,24,45,40,1457,1090,39,12,16,2,0,5,24.288888888888888,75.95552466990966,27.94871794871795,4.488675360329444
a9231c3f,Steven Ryan Taylor,ODI,1,1,46,81,5,0,1,1,21,23,0,0,0,0,0,0,46.0,56.79012345679012,,6.571428571428571
a945bb28,T Muzarabani,ODI,6,6,10,32,1,0,3,6,251,191,6,3,0,0,0,0,3.3333333333333335,31.25,31.833333333333332,4.565737051792828
a94e08ea,Mushfiqur Rahim,ODI,241,227,7096,8993,568,94,188,0,0,0,0,0,217,39,46,9,37.744680851063826,78.9058156343823,,
a9520ac2,J Mubarak,ODI,30,27,531,833,43,3,22,5,51,44,0,0,7,2,0,1,24.136363636363637,63.745498199279716,,5.176470588235294
a97c8ec2,PWH de Silva,ODI,63,54,1031,996,87,33,46,62,2944,2526,98,24,13,1,0,4,22.41304347826087,103.5140562248996,25.775510204081634,5.148097826086956
a98a6b86,Umair Ali,ODI,1,1,10,11,0,1,1,1,60,60,0,1,0,0,0,0,10.0,90.9090909090909,,6.0
a9a4df9f,JO Ngoche,ODI,6,3,11,29,0,1,1,6,303,220,5,5,4,0,0,0,11.0,37.93103448275862,44.0,4.356435643564357
a9da7784,KJ Abbott,ODI,28,13,76,129,6,0,9,27,1303,1051,34,12,6,0,0,1,8.444444444444445,58.91472868217055,30.91176470588235,4.83960092095165
aa467af0,Tanvir Islam,ODI,11,6,31,48,5,1,5,11,606,471,16,4,3,0,0,1,6.2,64.58333333333334,29.4375,4.663366336633663
aa8aaa45,Ankur Sharma,ODI,1,1,16,31,1,0,1,0,0,0,0,0,0,0,0,0,16.0,51.61290322580645,,
aa8d28ae,D Wiese,ODI,14,14,328,375,21,10,12,14,677,638,15,3,2,2,0,0,27.333333333333332,87.46666666666667,42.53333333333333,5.654357459379616
aab3e7be,MJ Mason,ODI,20,5,20,41,2,0,3,20,933,812,24,12,2,0,0,1,6.666666666666667,48.78048780487805,33.833333333333336,5.221864951768489
aad0c365,Nithish Kumar Reddy,ODI,4,4,100,101,3,5,3,4,91,106,0,0,1,0,0,0,33.333333333333336,99.00990099009901,,6.989010989010989
aae9ce90,JF Mooney,ODI,37,32,610,746,62,7,24,31,1200,1098,34,14,11,6,0,0,25.416666666666668,81.76943699731903,32.294117647058826,5.49
ab54f9e7,J Jarvis,ODI,21,14,97,136,7,2,11,19,677,617,23,3,5,0,0,0,8.818181818181818,71.32352941176471,26.82608695652174,5.468242245199409
ab6b1c45,AL Phehlukwayo,ODI,81,52,827,996,74,32,37,75,3049,2950,92,14,17,1,0,1,22.35135135135135,83.03212851405623,32.06521739130435,5.805182026894063
ab89348d,MF Maharoof,ODI,89,60,799,991,60,17,50,86,3783,3056,110,40,22,6,0,6,15.98,80.62563067608475,27.78181818181818,4.846946867565424
ab965cad,HWR Cartwright,ODI,2,2,2,23,0,0,2,0,0,0,0,0,1,0,0,0,1.0,8.695652173913043,,
abb7c76c,Abrar Ahmed,ODI,19,5,28,30,5,0,2,19,1044,753,35,11,3,0,0,1,14.0,93.33333333333333,21.514285714285716,4.327586206896552
abb83e27,JM Bairstow,ODI,103,95,3671,3682,418,83,87,0,0,0,0,0,53,5,3,11,42.195402298850574,99.70124932102118,,
abbdca1a,PM Seelaar,ODI,27,20,218,366,20,3,19,27,1271,1012,26,9,7,0,0,0,11.473684210526315,59.56284153005464,38.92307692307692,4.777340676632573
abfeb126,M Kartik,ODI,24,8,102,137,9,1,5,23,1199,1019,28,9,4,0,0,1,20.4,74.45255474452554,36.392857142857146,5.099249374478732
ac166f77,S Shrivastava,ODI,14,6,22,52,2,0,2,14,633,544,28,4,3,3,0,0,11.0,42.30769230769231,19.428571428571427,5.156398104265403
ac5ae4af,I Udana,ODI,20,17,227,236,18,9,13,20,873,922,17,2,5,2,0,1,17.46153846153846,96.1864406779661,54.23529411764706,6.3367697594501715
ac7fa28f,IJL Trott,ODI,68,65,2819,3732,216,3,55,10,183,166,2,0,14,5,0,3,51.25454545454546,75.53590568060021,83.0,5.442622950819672
acc321aa,Rajin Saleh,ODI,26,26,515,1059,41,1,26,11,279,248,8,0,4,1,0,0,19.807692307692307,48.63078375826252,31.0,5.333333333333333
acdc62f5,A Nortje,ODI,22,7,40,60,3,0,6,21,1006,982,36,5,3,2,0,0,6.666666666666667,66.66666666666666,27.27777777777778,5.856858846918489
aceb7654,JDF Vandersay,ODI,32,18,132,272,6,0,12,30,1425,1267,48,5,5,1,0,1,11.0,48.529411764705884,26.395833333333332,5.334736842105263
acee4cc4,Imran Tahir,ODI,106,32,157,233,21,1,20,103,5499,4268,169,41,15,3,0,4,7.85,67.38197424892704,25.254437869822485,4.656846699399891
ad1730bc,Ariful Haque,ODI,1,0,0,0,0,0,0,1,18,17,0,0,0,0,0,0,,,,5.666666666666667
ad48eb56,G Kirsten,ODI,6,6,186,228,24,2,3,0,0,0,0,0,2,1,0,0,62.0,81.57894736842105,,
ad733e72,DF Watts,ODI,9,8,130,240,13,2,8,0,0,0,0,0,0,0,0,0,16.25,54.166666666666664,,
ad75edc3,AC Cummins,ODI,4,3,21,23,2,0,1,4,180,176,4,2,0,0,0,0,21.0,91.30434782608695,44.0,5.866666666666666
ad9c32a2,DJ Malan,ODI,29,29,1418,1504,146,32,25,2,15,17,1,0,11,1,0,4,56.72,94.28191489361703,17.0,6.8
ada15e88,PSP Handscomb,ODI,22,20,632,656,47,6,19,0,0,0,0,0,14,0,0,0,33.26315789473684,96.34146341463415,,
ada72696,Sukhjinder Singh,ODI,2,1,14,23,1,1,1,1,24,30,0,0,0,0,0,0,14.0,60.86956521739131,,7.5
adbf0400,Basil Hameed,ODI,48,45,1051,1458,74,30,43,40,1378,957,43,11,15,5,0,3,24.441860465116278,72.08504801097394,22.25581395348837,4.166908563134978
add57f1f,SM Warnapura,ODI,2,2,30,64,4,0,2,0,0,0,0,0,3,0,0,0,15.0,46.875,,
addfb70e,SW Tait,ODI,35,6,25,29,3,1,2,34,1688,1461,62,8,6,3,0,2,12.5,86.20689655172413,23.56451612903226,5.193127962085309
ade071c5,Khaled Mashud,ODI,45,36,605,1139,40,1,25,0,0,0,0,0,28,4,14,0,24.2,53.11676909569798,,
ae1bd901,PR Adams,ODI,2,0,0,0,0,0,0,1,60,30,1,1,0,0,0,0,,,30.0,3.0
ae6746e0,Khurram Khan,ODI,9,9,237,318,24,1,9,4,162,185,2,0,3,1,0,0,26.333333333333332,74.52830188679245,92.5,6.851851851851852
ae78bc32,MS Gony,ODI,2,0,0,0,0,0,0,2,78,76,2,1,0,0,0,0,,,38.0,5.846153846153846
aea11d1d,D Birrell,ODI,1,1,0,1,0,0,1,1,60,54,1,0,0,0,0,0,0.0,0.0,54.0,5.4
aed55673,MT Chinouya,ODI,2,2,6,9,1,0,1,2,66,50,1,0,0,0,0,0,6.0,66.66666666666666,50.0,4.545454545454546
af19c6a8,CK Hooper,ODI,2,2,4,3,1,0,2,2,67,88,1,0,0,0,0,0,2.0,133.33333333333331,88.0,7.880597014925374
af2a0740,M Pushpakumara,ODI,3,1,7,21,0,0,0,1,30,21,0,0,0,0,0,0,,33.33333333333333,,4.2
af2c687b,C Munro,ODI,56,52,1249,1207,134,36,50,25,552,481,7,1,20,0,0,0,24.98,103.47970173985087,68.71428571428571,5.228260869565218
af2cc80a,JO Troughton,ODI,6,5,36,77,5,0,4,0,0,0,0,0,1,1,0,0,9.0,46.75324675324675,,
af4a9a0a,J Blades,ODI,3,1,0,1,0,0,1,3,120,172,1,0,0,0,0,0,0.0,0.0,172.0,8.6
af98bf5b,Ammar Khalid,ODI,4,0,0,0,0,0,0,4,198,146,5,1,0,0,0,0,,,29.2,4.424242424242424
afa7e784,MS Wade,ODI,95,82,1792,2226,127,33,70,0,0,0,0,0,104,5,9,3,25.6,80.50314465408806,,
afb3b840,H Shah,ODI,3,2,9,25,1,0,2,3,60,55,0,1,1,0,0,0,4.5,36.0,,5.5
afe57f7a,SC Williams,ODI,134,130,4351,4990,401,52,116,111,4167,3510,70,22,44,11,0,7,37.508620689655174,87.1943887775551,50.142857142857146,5.053995680345572
afe830a2,RMMP Rathnayake,ODI,2,2,22,32,3,0,2,2,66,64,0,0,2,1,0,0,11.0,68.75,,5.818181818181818
b018e1eb,L Louwrens,ODI,25,24,535,918,62,1,24,0,0,0,0,0,16,1,0,0,22.291666666666668,58.27886710239652,,
b03db6fa,MJG Rippon,ODI,6,4,112,160,9,3,4,6,240,200,7,1,1,0,0,1,28.0,70.0,28.571428571428573,5.0
b0482a1d,Tilak Varma,ODI,5,4,68,125,6,1,3,3,60,68,0,0,1,0,0,0,22.666666666666668,54.400000000000006,,6.8
b08252b8,RP Burl,ODI,39,33,761,929,60,22,29,26,546,602,13,2,16,3,0,2,26.24137931034483,81.91603875134554,46.30769230769231,6.615384615384615
b08e58e2,LR Morris,ODI,3,1,0,2,0,0,1,3,123,96,4,3,0,0,0,0,0.0,0.0,24.0,4.682926829268292
b0946605,AS Joseph,ODI,81,49,478,658,37,21,33,80,4118,3729,136,29,23,5,0,2,14.484848484848484,72.64437689969606,27.419117647058822,5.433220009713453
b0c772ee,BJ Haddin,ODI,118,107,3003,3648,283,70,93,0,0,0,0,0,160,20,9,3,32.29032258064516,82.31907894736842,,
b0e08fde,Usman Limbada,ODI,4,4,123,193,12,1,4,0,0,0,0,0,0,1,0,0,30.75,63.730569948186535,,
b0eaaac6,Ali Khan,ODI,15,9,20,35,1,0,7,15,681,542,33,9,1,1,0,1,2.857142857142857,57.14285714285714,16.424242424242426,4.775330396475771
b15eaf77,AO Suji,ODI,14,6,42,93,4,0,5,9,229,246,5,0,7,0,0,0,8.4,45.16129032258064,49.2,6.445414847161572
b16b5eea,VC Drakes,ODI,12,9,58,124,3,0,7,12,617,461,15,10,1,0,0,0,8.285714285714286,46.774193548387096,30.733333333333334,4.482982171799028
b17e2f24,KL Rahul,ODI,93,86,3283,3670,254,75,66,0,0,0,0,0,81,13,9,4,49.74242424242424,89.45504087193461,,
b2498b5d,Saad Masood,ODI,1,1,38,44,5,0,1,1,48,55,0,0,0,0,0,0,38.0,86.36363636363636,,6.875
b2a79f17,B Laughlin,ODI,5,1,1,9,0,0,0,5,224,219,4,1,2,2,0,0,,11.11111111111111,54.75,5.866071428571428
b2ae53f5,T Thushara,ODI,35,23,357,386,31,7,19,35,1541,1341,46,9,3,3,0,0,18.789473684210527,92.48704663212435,29.152173913043477,5.221284879948086
b2b50355,L Balaji,ODI,20,11,104,132,8,3,8,20,961,899,25,6,8,0,0,0,13.0,78.78787878787878,35.96,5.612903225806452
b2e1d224,G Malla,ODI,33,33,753,1145,78,15,32,2,18,18,1,0,12,2,0,0,23.53125,65.76419213973799,18.0,6.0
b3118300,Wahab Riaz,ODI,89,65,725,863,54,29,51,88,4222,4051,117,18,27,6,0,1,14.215686274509803,84.00926998841251,34.623931623931625,5.7569872098531505
b34d91ec,MG Kariata,ODI,1,0,0,0,0,0,0,1,30,31,1,0,0,0,0,0,,,31.0,6.2
b3a28446,Mohammad Saifuddin,ODI,29,18,360,439,29,6,10,28,1290,1282,41,10,5,0,0,1,36.0,82.00455580865604,31.26829268292683,5.962790697674419
b3b39bed,Aqib Ilyas,ODI,31,29,1191,1648,113,12,27,27,895,710,23,4,5,0,0,5,44.111111111111114,72.26941747572816,30.869565217391305,4.75977653631285
b3b4dc7d,Zain Abbas,ODI,1,1,26,55,2,0,1,1,36,56,1,0,0,0,0,0,26.0,47.27272727272727,56.0,9.333333333333334
b3bad3f2,NR Kumar,ODI,11,11,177,306,15,0,10,2,66,63,2,0,4,0,0,0,17.7,57.84313725490197,31.5,5.7272727272727275
b3e9b7fa,KED Carroll,ODI,3,3,28,42,1,0,3,1,6,8,0,0,1,0,0,0,9.333333333333334,66.66666666666666,,8.0
b40ee8a8,PC de Silva,ODI,6,6,77,98,9,0,5,6,258,227,3,1,3,0,0,0,15.4,78.57142857142857,75.66666666666667,5.27906976744186
b410bd3d,S Lamichhane,ODI,73,45,476,544,40,9,33,71,3977,2889,148,41,9,4,0,4,14.424242424242424,87.5,19.52027027027027,4.358561729947196
b4296080,Milind Kumar,ODI,28,26,1209,1263,100,33,18,25,996,731,32,6,13,2,0,5,67.16666666666667,95.72446555819477,22.84375,4.403614457831325
b4b99816,Shubman Gill,ODI,64,64,3141,3261,362,65,56,2,18,25,0,0,38,1,0,7,56.089285714285715,96.32014719411224,,8.333333333333334
b4bef2ed,Fazle Mahmud,ODI,2,2,0,9,0,0,2,1,18,16,0,0,1,0,0,0,0.0,0.0,,5.333333333333333
b529630e,PM Pushpakumara,ODI,2,2,11,26,0,1,2,2,114,105,1,0,2,0,0,0,5.5,42.30769230769231,105.0,5.526315789473684
b52ffbbd,FA Allen,ODI,19,14,200,207,18,8,13,17,648,601,7,0,7,1,0,0,15.384615384615385,96.61835748792271,85.85714285714286,5.564814814814815
b56dc5f7,BE Hendricks,ODI,9,4,24,45,2,0,3,7,356,321,10,2,3,0,0,0,8.0,53.333333333333336,32.1,5.410112359550562
b57e43e2,O Jones,ODI,1,1,2,6,0,0,1,1,48,38,0,0,0,0,0,0,2.0,33.33333333333333,,4.75
b57f8a9a,BJ Hodge,ODI,23,19,516,583,43,12,17,3,66,51,1,0,16,2,0,1,30.352941176470587,88.50771869639794,51.0,4.636363636363637
b58af144,Tushar Imran,ODI,22,21,250,477,27,1,21,3,90,57,1,0,3,2,0,0,11.904761904761905,52.41090146750524,57.0,3.8
b58b7db6,GSNFG Jayasuriya,ODI,18,16,440,549,32,8,14,12,324,302,3,1,4,0,0,1,31.428571428571427,80.14571948998179,100.66666666666667,5.592592592592593
b590a4d8,DD Ebrahim,ODI,33,28,555,1050,36,0,25,1,2,5,0,0,9,1,0,0,22.2,52.85714285714286,,15.0
b59db04f,SA Edwards,ODI,69,63,2156,2535,151,19,53,0,0,0,0,0,68,14,10,5,40.679245283018865,85.04930966469428,,
b5da6c24,PA Patel,ODI,32,29,693,884,75,7,26,0,0,0,0,0,22,3,8,0,26.653846153846153,78.39366515837104,,
b61a3e1a,LRPL Taylor,ODI,224,209,8126,10040,674,133,174,4,42,35,0,0,133,9,0,16,46.701149425287355,80.93625498007968,,5.0
b681e71e,GJ Maxwell,ODI,144,132,3695,3054,354,138,116,115,3852,3519,74,11,81,14,0,11,31.853448275862068,120.98886705959397,47.554054054054056,5.481308411214953
b68a30f0,IG Butler,ODI,13,8,78,125,6,2,6,13,600,563,15,5,3,1,0,0,13.0,62.4,37.53333333333333,5.63
b68d14a9,AJ Strauss,ODI,114,112,3729,4732,400,25,107,1,6,3,0,0,53,5,0,7,34.850467289719624,78.80388841927304,,3.0
b699df47,MP O'Dowd,ODI,70,70,2258,3170,219,36,66,11,129,149,1,0,19,1,0,6,34.21212121212121,71.23028391167192,149.0,6.930232558139535
b69e69ed,AA Noffke,ODI,1,0,0,0,0,0,0,1,54,46,1,0,0,0,0,0,,,46.0,5.111111111111111
b743f01b,Syed Rasel,ODI,40,22,76,168,7,0,13,40,2033,1601,46,26,3,3,0,0,5.846153846153846,45.23809523809524,34.80434782608695,4.725036891293655
b7646e8c,GEF Barnett,ODI,5,5,95,185,10,0,5,0,0,0,0,0,0,0,0,0,19.0,51.35135135135135,,
b7b66a96,D Joseph,ODI,4,3,13,27,1,0,0,4,186,170,5,2,0,0,0,0,,48.148148148148145,34.0,5.483870967741935
b7d1eadd,P Jayawickrama,ODI,5,3,7,12,1,0,1,5,198,177,5,0,0,0,0,0,7.0,58.333333333333336,35.4,5.363636363636363
b7e7313a,MB Loye,ODI,7,7,142,190,19,5,7,0,0,0,0,0,0,0,0,0,20.285714285714285,74.73684210526315,,
b80dd12c,Jatinder Singh,ODI,66,65,1957,2566,209,34,63,4,48,41,1,0,20,3,0,4,31.063492063492063,76.26656274356975,41.0,5.125
b858be20,AV Lalcheta,ODI,2,2,18,49,1,0,2,2,84,62,2,2,0,0,0,0,9.0,36.734693877551024,31.0,4.428571428571429
b863eae9,GJ Rennie,ODI,4,4,50,128,4,0,4,3,84,64,2,0,2,0,0,0,12.5,39.0625,32.0,4.571428571428571
b8704508,LM Jongwe,ODI,33,28,315,398,31,5,24,29,1068,1065,24,3,6,1,0,0,13.125,79.14572864321609,44.375,5.98314606741573
b878fc9a,Nestor Dhamba,ODI,9,5,23,52,1,0,3,8,306,208,11,3,2,2,0,0,7.666666666666667,44.230769230769226,18.90909090909091,4.078431372549019
b88fa6fe,MJ Mindley,ODI,1,0,0,0,0,0,0,1,42,45,1,1,0,0,0,0,,,45.0,6.428571428571429
b8a55852,BB McCullum,ODI,212,186,5157,5457,490,172,164,0,0,0,0,0,212,34,14,6,31.445121951219512,94.50247388675096,,
b8cc58c9,RR Hendricks,ODI,35,35,930,1211,98,9,33,3,42,47,1,0,21,0,0,2,28.181818181818183,76.79603633360858,47.0,6.714285714285714
b8d490fd,AJ Finch,ODI,143,139,5188,6135,513,118,136,21,284,259,4,0,70,2,0,7,38.14705882352941,84.56397718011411,64.75,5.471830985915493
b8f3362a,LR Johnson,ODI,3,3,19,65,2,1,3,0,0,0,0,0,2,0,0,0,6.333333333333333,29.230769230769234,,
b91f2a31,KP Meiyappan,ODI,31,21,163,342,11,0,18,31,1208,1114,37,8,9,1,0,0,9.055555555555555,47.66081871345029,30.10810810810811,5.533112582781457
b98b5e1c,Sohaib Maqsood,ODI,28,27,768,935,59,19,25,4,54,42,1,0,10,0,0,1,30.72,82.13903743315508,42.0,4.666666666666667
b98cdbf0,AD Poynter,ODI,8,6,65,134,3,2,6,0,0,0,0,0,2,0,0,0,10.833333333333334,48.507462686567166,,
b9a3d8c6,Inzamam-ul-Haq,ODI,69,62,1916,2482,167,24,52,0,0,0,0,0,23,1,0,3,36.84615384615385,77.19580983078163,,
b9c225c2,Shahriar Nafees,ODI,52,52,1216,1817,163,2,50,0,0,0,0,0,11,1,0,3,24.32,66.92350027517887,,
ba158afd,Zahid Mahmood,ODI,4,2,9,12,0,1,1,4,216,220,4,0,0,0,0,0,9.0,75.0,55.0,6.111111111111111
ba5e1069,R Ravindra,ODI,38,34,1392,1320,154,33,33,23,949,917,20,2,11,0,0,3,42.18181818181818,105.45454545454544,45.85,5.797681770284511
ba603555,MNK Fernando,ODI,6,5,89,135,12,0,5,1,12,22,0,0,0,0,0,0,17.8,65.92592592592592,,11.0
ba607b88,V Kohli,ODI,311,299,14819,16093,1379,173,254,50,662,680,5,1,165,18,0,45,58.34251968503937,92.08351457155285,136.0,6.163141993957704
ba7b21fd,A Valthapa,ODI,3,1,14,22,1,0,1,0,0,0,0,0,3,0,1,0,14.0,63.63636363636363,,
bab78fa2,J Da Silva,ODI,2,2,14,35,1,0,2,0,0,0,0,0,1,0,1,0,7.0,40.0,,
bad31fac,J Srinath,ODI,16,8,31,82,4,0,6,16,825,534,27,9,1,1,0,1,5.166666666666667,37.80487804878049,19.77777777777778,3.8836363636363638
bafb9238,Usman Khan,ODI,1,1,39,33,4,2,1,0,0,0,0,0,0,0,0,0,39.0,118.18181818181819,,
bafb9238,Usman Khan (2),ODI,1,1,12,18,1,0,1,0,0,0,0,0,0,0,0,0,12.0,66.66666666666666,,
bb01f9e0,Shuvagata Hom,ODI,4,3,70,88,9,0,2,1,12,9,0,0,0,0,0,0,35.0,79.54545454545455,,4.5
bb134e5c,JJ Smit,ODI,57,51,1022,1412,52,51,44,43,1965,1385,61,28,17,3,0,2,23.227272727272727,72.37960339943342,22.704918032786885,4.229007633587786
bb1819fa,Tapash Baisya,ODI,25,15,113,217,9,0,10,25,1120,1087,25,5,4,0,0,0,11.3,52.07373271889401,43.48,5.823214285714286
bb18be76,SK Warne,ODI,2,1,0,1,0,0,1,2,120,86,3,0,0,0,0,0,0.0,0.0,28.666666666666668,4.3
bb20441f,H Dhami,ODI,2,1,15,26,1,0,0,2,84,90,4,0,0,0,0,0,,57.692307692307686,22.5,6.428571428571429
bb345e0b,G Gambhir,ODI,138,134,4981,5933,527,17,123,1,6,13,0,0,31,6,0,11,40.49593495934959,83.95415472779369,,13.0
bb34fd31,Shoriful Islam,ODI,37,22,98,114,8,4,14,37,1744,1584,59,12,4,0,0,0,7.0,85.96491228070175,26.847457627118644,5.4495412844036695
bb351c23,MM Ali,ODI,135,110,2278,2418,199,71,96,126,5886,5210,111,15,41,2,0,5,23.729166666666668,94.21009098428453,46.93693693693694,5.310907237512742
bb4b445b,Hussain Talat,ODI,12,10,224,290,19,2,8,4,60,77,0,0,1,0,0,0,28.0,77.24137931034483,,7.7
bb95564b,Saif Hassan,ODI,10,10,213,274,22,8,10,3,48,34,1,0,6,0,0,0,21.3,77.73722627737226,34.0,4.25
bb9b51f4,JOA Gordon,ODI,10,8,22,48,1,1,4,10,435,419,15,4,0,0,0,1,5.5,45.83333333333333,27.933333333333334,5.779310344827586
bb9d73d8,Suraj Kumar,ODI,22,18,392,524,25,12,12,0,0,0,0,0,17,1,0,0,32.666666666666664,74.80916030534351,,
bbd41817,AD Russell,ODI,55,47,1034,805,94,57,38,54,2254,2200,70,14,11,8,0,5,27.210526315789473,128.4472049689441,31.428571428571427,5.8562555456965395
bbff906c,CAK Walton,ODI,9,8,53,88,7,0,8,0,0,0,0,0,9,1,1,0,6.625,60.22727272727273,,
bc2d4f2e,W Sutherland,ODI,2,1,18,33,0,0,1,2,51,33,2,0,1,0,0,0,18.0,54.54545454545454,16.5,3.8823529411764706
bcb01d8c,RWT Key,ODI,4,4,36,105,3,0,4,0,0,0,0,0,0,0,0,0,9.0,34.285714285714285,,
bcce309e,WPUJC Vaas,ODI,95,70,579,860,44,3,51,95,4755,3289,112,88,12,4,0,4,11.352941176470589,67.32558139534883,29.366071428571427,4.150157728706625
bccead86,FDW McCreath,ODI,17,14,408,594,34,4,14,0,0,0,0,0,10,1,0,0,29.142857142857142,68.68686868686868,,
bceb1b07,JJ Tucker,ODI,11,11,203,321,26,2,10,9,306,256,3,2,6,0,0,0,20.3,63.2398753894081,85.33333333333333,5.019607843137255
bd0a4a7d,CA Young,ODI,42,23,149,175,12,5,10,39,2018,1826,73,12,12,2,0,1,14.9,85.14285714285714,25.013698630136986,5.429137760158573
bd17b45f,STR Binny,ODI,14,11,230,252,23,5,8,12,490,439,20,5,2,0,0,1,28.75,91.26984126984127,21.95,5.375510204081633
bd35515a,SV Bahutule,ODI,1,1,11,13,1,0,1,1,18,24,0,0,0,0,0,0,11.0,84.61538461538461,,8.0
bd48593c,GE Kidd,ODI,1,0,0,0,0,0,0,0,0,0,0,0,0,0,0,0,,,,
bd4ea627,Faheem Ashraf,ODI,44,30,408,491,36,13,27,42,1678,1465,31,7,9,0,0,1,15.11111111111111,83.09572301425662,47.25806451612903,5.238379022646007
bd77eb62,A Symonds,ODI,126,105,3589,4047,304,73,82,92,3402,2894,69,20,46,6,0,16,43.76829268292683,88.68297504324191,41.94202898550725,5.1040564373897706
bd93fea4,PM Siddle,ODI,20,6,31,30,2,0,3,19,901,743,17,9,1,1,0,0,10.333333333333334,103.33333333333334,43.705882352941174,4.947835738068813
bd9fbd51,Fayyaz Butt,ODI,30,19,201,284,17,3,11,30,1309,1247,35,8,8,2,0,0,18.272727272727273,70.77464788732394,35.628571428571426,5.715813598166539
bdadf7da,JL Denly,ODI,16,13,446,645,44,6,13,4,102,101,1,0,7,0,0,0,34.30769230769231,69.14728682170542,101.0,5.9411764705882355
be4cefab,CMW Read,ODI,23,14,156,221,12,1,11,0,0,0,0,0,27,3,0,0,14.181818181818182,70.58823529411765,,
be768595,MJ Cosgrove,ODI,2,2,78,81,7,2,2,1,24,12,0,0,0,0,0,1,39.0,96.29629629629629,,3.0
be8eec9c,ML Nkala,ODI,11,10,125,178,12,2,9,10,290,313,4,2,1,0,0,0,13.88888888888889,70.2247191011236,78.25,6.475862068965517
bed90114,JA Clarkson,ODI,6,5,37,55,3,0,5,6,126,130,3,0,1,1,0,0,7.4,67.27272727272727,43.333333333333336,6.190476190476191
bf172ae6,Sufyan Mehmood,ODI,8,7,107,141,6,3,6,6,209,147,6,3,0,0,0,0,17.833333333333332,75.88652482269504,24.5,4.220095693779904
bf1d7d3e,Mahmudullah,ODI,215,189,5131,6811,392,99,142,137,3983,3559,75,12,72,12,0,4,36.13380281690141,75.33401849948612,47.45333333333333,5.361285463218679
bf2d865c,JJ Atkinson,ODI,4,4,84,152,8,2,4,0,0,0,0,0,4,0,4,0,21.0,55.26315789473685,,
bf74b130,FH Allen,ODI,22,21,582,637,78,14,21,0,0,0,0,0,9,0,0,1,27.714285714285715,91.3657770800628,,
bf7842c9,TAM Siriwardana,ODI,27,24,516,539,39,13,23,21,601,547,9,3,6,0,0,0,22.434782608695652,95.73283858998145,60.77777777777778,5.46089850249584
bf814547,K Verreynne,ODI,16,14,521,582,39,11,12,0,0,0,0,0,10,1,0,0,43.416666666666664,89.51890034364261,,
bfaf461d,Hazrat Bilal,ODI,7,4,24,72,0,1,1,7,270,212,8,4,0,0,0,0,24.0,33.33333333333333,26.5,4.711111111111111
c01d7726,H Thaker,ODI,29,28,864,1306,50,17,25,27,1191,866,25,4,9,0,0,4,34.56,66.15620214395099,34.64,4.36272040302267
c020cef5,Saqlain Haider,ODI,3,3,30,40,4,0,3,0,0,0,0,0,1,0,0,0,10.0,75.0,,
c03449e0,GD Elliott,ODI,77,66,1913,2394,149,27,57,52,1200,1100,35,5,14,4,0,4,33.56140350877193,79.90810359231412,31.428571428571427,5.5
c03c6200,DJG Sammy,ODI,121,102,1853,1926,144,84,75,115,4832,3776,77,38,58,3,0,5,24.706666666666667,96.2097611630322,49.03896103896104,4.688741721854305
c03f1114,KD Karthik,ODI,90,76,1624,2275,162,15,56,0,0,0,0,0,62,5,7,1,29.0,71.38461538461539,,
c042b412,FJ Klaassen,ODI,16,12,48,78,1,2,4,16,867,655,22,7,6,0,0,0,12.0,61.53846153846154,29.772727272727273,4.532871972318339
c05f9d20,SSD Arachchige,ODI,5,3,89,134,6,0,3,2,42,28,1,0,2,0,0,0,29.666666666666668,66.4179104477612,28.0,4.0
c0790f82,L Klusener,ODI,12,8,163,156,9,8,3,11,458,394,11,5,2,1,0,1,54.333333333333336,104.48717948717949,35.81818181818182,5.161572052401747
c07a1f41,NM Odhiambo,ODI,1,0,0,0,0,0,0,1,60,38,2,0,0,0,0,0,,,19.0,3.8
c1077ba3,Pratis GC,ODI,2,1,11,6,1,0,0,2,90,53,1,0,0,0,0,0,,183.33333333333331,53.0,3.533333333333333
c13e34f4,Haider Ali,ODI,2,2,42,33,4,2,2,0,0,0,0,0,1,0,0,0,21.0,127.27272727272727,,
c15e2193,FY Fazal,ODI,1,1,55,65,7,1,0,0,0,0,0,0,0,0,0,0,,84.61538461538461,,
c16d2e28,SJ Harmison,ODI,47,17,80,138,2,0,10,46,2283,1973,61,20,4,1,0,1,8.0,57.971014492753625,32.34426229508197,5.185282522996058
c16d4035,SW Billings,ODI,27,22,690,768,73,8,20,0,0,0,0,0,17,4,1,0,34.5,89.84375,,
c1ef6dad,RD Steede,ODI,2,2,15,22,2,0,2,2,78,52,1,0,0,0,0,0,7.5,68.18181818181817,52.0,4.0
c1f6c27e,G Onions,ODI,4,1,1,2,0,0,1,4,204,185,4,1,1,0,0,0,1.0,50.0,46.25,5.4411764705882355
c1f9b051,RD Jacobs,ODI,24,13,142,225,7,1,8,0,0,0,0,0,21,2,4,0,17.75,63.11111111111111,,
c1fdfb46,P Rathnayake,ODI,5,5,218,238,17,3,5,1,6,12,0,0,0,0,0,0,43.6,91.59663865546219,,12.0
c24a2c5d,S Tyagi,ODI,4,1,1,2,0,0,0,4,165,144,3,3,1,0,0,0,,50.0,48.0,5.236363636363636
c25927f8,RP Alexander,ODI,2,2,34,81,3,0,2,0,0,0,0,0,0,0,0,0,17.0,41.9753086419753,,
c26cd57a,B Shikongo,ODI,22,14,22,63,1,0,4,22,828,824,24,7,7,3,0,0,5.5,34.92063492063492,34.333333333333336,5.971014492753623
c27518d2,Ziaur Rahman,ODI,12,10,83,91,9,3,10,10,348,262,10,1,5,0,0,1,8.3,91.20879120879121,26.2,4.517241379310345
c290033d,Ihsanullah,ODI,1,0,0,0,0,0,0,1,48,60,0,0,0,0,0,0,,,,7.5
c2f12310,PS Athavale,ODI,7,7,103,176,14,0,7,0,0,0,0,0,6,2,0,0,14.714285714285714,58.52272727272727,,
c3224376,RS Higgins,ODI,3,2,2,21,0,0,2,3,158,127,4,0,2,0,0,0,1.0,9.523809523809524,31.75,4.822784810126582
c3564c2d,G Toka,ODI,22,21,268,496,21,2,21,5,99,110,3,2,7,1,0,0,12.761904761904763,54.03225806451613,36.666666666666664,6.666666666666667
c3576908,MA Abbas,ODI,6,6,162,209,8,4,6,3,90,75,2,0,1,0,0,0,27.0,77.51196172248804,37.5,5.0
c374f37f,JWA Taylor,ODI,26,25,879,1105,69,12,21,0,0,0,0,0,7,2,0,3,41.857142857142854,79.5475113122172,,
c3b93a03,J Blackwood,ODI,3,3,23,43,2,0,2,1,18,16,0,0,2,0,0,0,11.5,53.48837209302325,,5.333333333333333
c3d1402f,RP Singh,ODI,55,19,103,243,5,1,10,54,2469,2258,70,29,10,13,0,2,10.3,42.38683127572017,32.25714285714286,5.487241798298906
c3d35165,JA Morkel,ODI,52,39,705,727,64,22,31,46,1831,1707,44,11,14,8,0,3,22.741935483870968,96.97386519944979,38.79545454545455,5.593664664117968
c41043e6,BR McDermott,ODI,5,5,223,280,19,5,5,0,0,0,0,0,0,0,0,0,44.6,79.64285714285714,,
c4487b84,AB de Villiers,ODI,222,213,9435,9488,825,200,175,9,192,202,7,0,174,38,5,27,53.91428571428571,99.44139966273187,28.857142857142858,6.3125
c46e9e56,CJO Smith,ODI,11,9,157,240,23,0,9,0,0,0,0,0,6,1,3,0,17.444444444444443,65.41666666666667,,
c4bc3b59,D Khanal,ODI,14,12,329,482,24,6,12,2,18,20,0,0,9,0,0,0,27.416666666666668,68.25726141078839,,6.666666666666667
c4d740b3,PS Masvaure,ODI,2,2,40,63,2,0,2,1,18,19,0,0,0,0,0,0,20.0,63.49206349206349,,6.333333333333333
c4e73ff1,KH Prajapati,ODI,36,35,996,1351,100,13,35,1,2,1,0,0,18,2,0,1,28.457142857142856,73.72316802368616,,3.0
c4ff0618,H Patel,ODI,10,10,176,198,21,6,9,5,102,102,2,0,2,0,0,0,19.555555555555557,88.88888888888889,51.0,6.0
c500ec39,MG Bevan,ODI,32,25,755,1177,49,6,18,0,0,0,0,0,6,1,0,1,41.94444444444444,64.14613423959217,,
c51add25,MB Kruger,ODI,25,24,553,871,44,6,24,0,0,0,0,0,13,1,0,1,23.041666666666668,63.4902411021814,,
c5326dd0,NG Jones,ODI,4,2,7,10,0,0,2,4,156,79,4,1,1,1,0,0,3.5,70.0,19.75,3.0384615384615383
c537cf4d,M Commins,ODI,2,1,6,13,0,0,1,0,0,0,0,0,1,0,0,0,6.0,46.15384615384615,,
c5758216,TJ Heggelman,ODI,2,2,23,71,0,0,2,1,42,34,2,0,0,0,0,0,11.5,32.3943661971831,17.0,4.857142857142857
c57e1893,DES Maxwell,ODI,3,3,54,45,2,3,1,0,0,0,0,0,0,1,0,0,54.0,120.0,,
c57fa67e,E Otieno,ODI,11,7,21,57,2,0,5,10,441,468,12,2,4,0,0,1,4.2,36.84210526315789,39.0,6.36734693877551
c58b0108,Mehedi Hasan Miraz,ODI,108,79,1408,1833,127,25,68,106,5232,4164,114,34,45,8,0,5,20.705882352941178,76.8139661756683,36.526315789473685,4.775229357798165
c5928dec,HDRL Thirimanne,ODI,124,102,3164,4444,245,25,89,4,104,94,3,0,36,3,0,2,35.550561797752806,71.1971197119712,31.333333333333332,5.423076923076923
c59d8f8a,KA Hope,ODI,7,6,138,201,20,0,6,0,0,0,0,0,1,0,0,0,23.0,68.65671641791045,,
c5aef772,R Shepherd,ODI,39,29,449,445,40,17,25,37,1454,1329,31,13,3,3,0,0,17.96,100.89887640449437,42.87096774193548,5.484181568088033
c5b87d8c,Nafees Iqbal,ODI,9,9,128,270,12,0,9,0,0,0,0,0,1,0,0,0,14.222222222222221,47.40740740740741,,
c5d7b244,Mohammad Nadeem,ODI,40,34,827,1319,61,9,19,28,810,747,19,3,9,1,0,4,43.526315789473685,62.69901440485216,39.31578947368421,5.533333333333333
c5e68250,IA Nicolson,ODI,1,1,0,3,0,0,1,1,42,74,1,0,0,0,0,0,0.0,0.0,74.0,10.571428571428571
c5f40e35,SW Currie,ODI,3,2,10,19,1,0,2,3,120,86,3,3,0,0,0,0,5.0,52.63157894736842,28.666666666666668,4.3
c6097d68,O Thomas,ODI,23,14,22,78,2,0,5,23,878,991,30,3,0,0,0,2,4.4,28.205128205128204,33.03333333333333,6.7722095671981775
c63671e9,Naseem Khushi,ODI,31,24,360,335,24,19,23,0,0,0,0,0,22,8,3,0,15.652173913043478,107.46268656716418,,
c654af19,R McLaren,ODI,53,41,485,696,42,6,26,50,2349,2053,77,14,11,4,0,0,18.653846153846153,69.68390804597702,26.662337662337663,5.243933588761175
c661789d,AW Mathieson,ODI,1,0,0,0,0,0,0,1,24,40,1,0,0,0,0,0,,,40.0,10.0
c66d9486,U Bhatti,ODI,11,8,120,131,10,3,6,11,501,331,12,11,2,0,0,0,20.0,91.6030534351145,27.583333333333332,3.964071856287425
c68554a6,TJ Bishop,ODI,1,1,0,6,0,0,1,0,0,0,0,0,0,0,0,0,0.0,0.0,,
c6e10e5c,NK Patel,ODI,38,32,477,701,34,8,26,36,1531,1191,39,7,4,2,0,0,18.346153846153847,68.0456490727532,30.53846153846154,4.667537557152189
c70448aa,R Hekure,ODI,23,22,328,436,26,6,20,22,917,689,26,8,4,1,0,1,16.4,75.22935779816514,26.5,4.508178844056706
c7105dab,JA McCollum,ODI,6,6,178,246,26,1,6,0,0,0,0,0,1,0,0,0,29.666666666666668,72.35772357723577,,
c73bb037,Taufeeq Umar,ODI,11,11,262,504,33,0,10,0,0,0,0,0,4,0,0,1,26.2,51.98412698412699,,
c740ea83,RM Patidar,ODI,1,1,22,18,3,1,1,0,0,0,0,0,0,0,0,0,22.0,122.22222222222223,,
c78f1ff5,Junaid Zia,ODI,2,0,0,0,0,0,0,2,78,81,0,0,0,0,0,0,,,,6.230769230769231
c7f6dd3b,SW Ambris,ODI,16,15,473,505,54,3,13,0,0,0,0,0,2,0,0,1,36.38461538461539,93.66336633663367,,
c8065f31,SC Getkate,ODI,4,2,23,23,2,1,1,4,192,145,7,2,1,0,0,0,23.0,100.0,20.714285714285715,4.53125
c80b4969,Ajay Kumar,ODI,4,2,3,9,0,0,1,4,221,169,11,5,0,0,0,1,3.0,33.33333333333333,15.363636363636363,4.588235294117647
c810b349,JAD Lawrenson,ODI,4,4,177,215,14,2,4,0,0,0,0,0,0,0,0,1,44.25,82.32558139534883,,
c834c290,JL Smith,ODI,18,17,383,347,50,10,17,0,0,0,0,0,9,0,0,1,22.529411764705884,110.37463976945246,,
c89474d1,TJ Murtagh,ODI,32,20,143,190,14,1,10,31,1656,1264,45,20,7,0,0,1,14.3,75.26315789473685,28.08888888888889,4.579710144927536
c8a3f688,SN Netravalkar,ODI,70,34,163,278,15,2,15,69,3607,2429,110,75,8,1,0,4,10.866666666666667,58.63309352517986,22.081818181818182,4.040476850568339
c8ad0749,AK Perera,ODI,6,4,52,83,3,0,4,3,36,33,0,0,1,0,0,0,13.0,62.65060240963856,,5.5
c8d74c21,J Gumbie,ODI,15,15,379,581,42,1,15,0,0,0,0,0,10,2,0,0,25.266666666666666,65.23235800344234,,
c9040f7a,Hasnain Ul Wahab,ODI,1,1,29,44,3,1,1,0,0,0,0,0,2,0,0,0,29.0,65.9090909090909,,
c942a53b,WK McCallan,ODI,17,13,101,176,9,0,11,14,603,419,13,4,0,1,0,0,9.181818181818182,57.38636363636363,32.23076923076923,4.169154228855722
c96311d4,CR Ervine,ODI,102,98,2923,3804,288,37,87,0,0,0,0,0,39,2,0,6,33.59770114942529,76.84016824395373,,
c968b533,Alawi Shukri,ODI,1,1,1,3,0,0,1,0,0,0,0,0,0,0,0,0,1.0,33.33333333333333,,
c96f6ac5,PWA Mulder,ODI,26,21,272,308,27,3,16,25,830,874,24,3,9,1,0,0,17.0,88.31168831168831,36.416666666666664,6.318072289156626
c981bfad,ZE Surkari,ODI,9,8,127,299,7,0,7,0,0,0,0,0,2,1,0,0,18.142857142857142,42.474916387959865,,
c9945bdf,Simi Singh,ODI,22,18,406,517,34,6,15,19,952,609,27,13,3,1,0,1,27.066666666666666,78.52998065764024,22.555555555555557,3.838235294117647
c995d726,CA Ingram,ODI,30,28,761,935,75,9,25,1,6,17,0,0,12,1,0,3,30.44,81.3903743315508,,17.0
c9cac448,T Mishra,ODI,15,15,395,564,33,4,13,0,0,0,0,0,4,0,0,1,30.384615384615383,70.0354609929078,,
ca4db40e,AF Sattaur,ODI,3,3,20,63,0,1,3,0,0,0,0,0,2,0,0,0,6.666666666666667,31.746031746031743,,
ca92a578,IA Karim,ODI,3,3,196,237,23,0,3,0,0,0,0,0,3,0,1,1,65.33333333333333,82.70042194092827,,
cad00a4d,RR Rossouw,ODI,36,35,1239,1341,131,22,32,3,45,44,1,0,22,1,0,1,38.71875,92.39373601789708,44.0,5.866666666666666
cad40f5e,BA Carse,ODI,30,21,264,341,16,9,15,29,1301,1375,34,3,10,1,0,0,17.6,77.41935483870968,40.44117647058823,6.3412759415833975
caf1b14c,N Deonarine,ODI,27,25,546,873,48,6,22,16,393,366,4,2,9,0,0,1,24.818181818181817,62.54295532646048,91.5,5.587786259541985
cb263798,DL Hemp,ODI,11,11,268,398,32,3,9,2,60,73,0,0,1,0,0,0,29.77777777777778,67.33668341708542,,7.3
cb5100f1,Ebadat Hossain,ODI,11,6,3,18,0,0,2,10,484,443,21,4,1,0,0,0,1.5,16.666666666666664,21.095238095238095,5.491735537190082
cb5211dc,JPR Lamsam,ODI,1,1,16,30,3,0,1,1,12,27,0,0,1,0,0,0,16.0,53.333333333333336,,13.5
cb9b8664,W O'Rourke,ODI,20,6,13,34,0,0,4,20,982,922,29,4,5,0,0,1,3.25,38.23529411764706,31.79310344827586,5.633401221995927
cbabd6ad,NS Dhaliwal,ODI,17,17,456,811,41,9,17,1,6,20,0,0,10,1,0,2,26.823529411764707,56.22688039457459,,20.0
cc1e8c68,UT Yadav,ODI,75,21,79,136,8,1,10,73,3559,3565,106,21,19,8,0,0,7.9,58.08823529411765,33.632075471698116,6.010115200899129
cca50cd6,LJ Wright,ODI,48,39,707,838,63,18,35,36,1032,881,15,1,18,1,0,0,20.2,84.36754176610978,58.733333333333334,5.122093023255814
cccdde80,RP Arnold,ODI,62,55,1068,1537,71,5,41,20,380,360,9,2,9,3,0,0,26.048780487804876,69.48601171112557,40.0,5.684210526315789
ccdd8308,ST Finn,ODI,69,27,136,228,11,3,17,67,3550,2996,103,35,14,8,0,2,8.0,59.64912280701754,29.0873786407767,5.063661971830986
cd4d7695,Aarif Sheikh,ODI,73,63,1518,2341,106,16,54,36,947,737,9,2,33,2,0,4,28.11111111111111,64.8440837249039,81.88888888888889,4.66948257655755
cd56a813,Jaker Ali,ODI,8,8,328,421,23,11,7,0,0,0,0,0,3,0,0,0,46.857142857142854,77.90973871733968,,
cdac5a3d,M Shiraz,ODI,2,1,1,1,0,0,0,2,54,48,1,1,0,0,0,0,,100.0,48.0,5.333333333333333
cdd875d9,JA Turner,ODI,2,1,2,5,0,0,0,2,66,68,2,0,0,0,0,0,,40.0,34.0,6.181818181818182
cddafe26,V Aravind,ODI,63,63,1865,2785,180,16,60,0,0,0,0,0,38,6,9,2,31.083333333333332,66.96588868940754,,
cde067e1,J Kariko,ODI,3,2,8,12,2,0,2,3,126,114,5,0,0,0,0,0,4.0,66.66666666666666,22.8,5.428571428571429
cdf59953,SW Poynter,ODI,8,7,74,102,7,0,6,0,0,0,0,0,9,1,0,0,12.333333333333334,72.54901960784314,,
ce794613,T Natarajan,ODI,2,0,0,0,0,0,0,2,120,143,3,1,0,0,0,0,,,47.666666666666664,7.15
cec44e08,SM Sharma,ODI,11,9,130,138,7,5,5,11,390,362,12,6,4,1,0,0,26.0,94.20289855072464,30.166666666666668,5.569230769230769
ced0ec25,Ghulam Shabber,ODI,20,20,444,716,43,3,20,0,0,0,0,0,27,1,1,0,22.2,62.01117318435754,,
cefe0886,E Schiferli,ODI,9,8,79,140,12,0,7,9,378,319,7,7,0,1,0,0,11.285714285714286,56.42857142857143,45.57142857142857,5.063492063492063
cf494ffe,PR Stirling,ODI,116,110,3548,4148,404,86,108,45,1458,1214,22,6,39,2,0,7,32.851851851851855,85.53519768563163,55.18181818181818,4.995884773662551
cf73ad76,JEC Franklin,ODI,77,61,1107,1425,84,17,39,65,2461,2131,56,24,16,5,0,2,28.384615384615383,77.6842105263158,38.05357142857143,5.195449004469728
cfad138c,CK Kapugedera,ODI,92,76,1505,2157,100,28,69,10,264,225,2,0,28,7,0,1,21.81159420289855,69.77283263792305,112.5,5.113636363636363
cfe70281,VD Philander,ODI,30,18,151,219,14,0,12,28,1279,986,41,20,6,1,0,2,12.583333333333334,68.94977168949772,24.048780487804876,4.6254886630179834
cff25ee1,DA Gunawardene,ODI,16,16,322,591,30,1,15,0,0,0,0,0,3,0,0,0,21.466666666666665,54.483925549915405,,
d014d5ac,SE Rutherford,ODI,28,26,849,865,67,42,22,6,125,175,3,1,10,1,0,1,38.59090909090909,98.15028901734104,58.333333333333336,8.4
d027ba9f,KS Williamson,ODI,173,165,7145,8864,657,60,149,65,1467,1310,37,3,74,8,0,14,47.95302013422819,80.60694945848375,35.4054054054054,5.357873210633946
d02c40ab,YS Samra,ODI,11,9,280,388,32,7,10,0,0,0,0,0,1,0,0,0,28.0,72.16494845360825,,
d0513f63,CL White,ODI,88,75,2053,2583,145,44,59,17,303,317,10,0,32,4,0,3,34.79661016949152,79.4812233836624,31.7,6.2772277227722775
d06335fd,KA Edwards,ODI,16,16,331,510,23,7,14,0,0,0,0,0,2,1,0,0,23.642857142857142,64.90196078431373,,
d07c1b2f,Saud Shakeel,ODI,17,14,374,455,40,1,13,3,47,37,1,0,6,1,0,1,28.76923076923077,82.19780219780219,37.0,4.723404255319149
d07dbc28,Zawar Farid,ODI,10,8,132,145,15,4,7,7,201,187,8,1,1,0,0,0,18.857142857142858,91.0344827586207,23.375,5.582089552238806
d094e7d1,Abdur Rehman,ODI,30,22,132,234,10,1,16,29,1564,1098,29,10,4,1,0,0,8.25,56.41025641025641,37.86206896551724,4.212276214833759
d12143bf,JM Anderson,ODI,179,64,254,514,22,0,33,177,8843,7321,250,108,43,18,0,5,7.696969696969697,49.416342412451364,29.284,4.967318783218365
d1305df0,AGS Gous,ODI,13,13,415,484,42,12,12,0,0,0,0,0,3,0,0,2,34.583333333333336,85.74380165289256,,
d146924b,Raza-ur-Rehman,ODI,5,4,174,215,24,0,4,4,110,114,1,1,4,1,0,0,43.5,80.93023255813954,114.0,6.218181818181819
d1523761,D Ramdin,ODI,128,103,2072,2636,153,31,84,0,0,0,0,0,164,27,7,1,24.666666666666668,78.60394537177542,,
d167edd3,SM Boland,ODI,14,4,9,22,0,0,3,13,716,725,16,4,3,0,0,0,3.0,40.909090909090914,45.3125,6.0754189944134085
d1761087,RM West,ODI,3,1,0,3,0,0,1,2,108,64,1,1,1,0,0,0,0.0,0.0,64.0,3.5555555555555554
d188300f,A Roy,ODI,6,3,21,27,2,0,1,6,246,151,6,1,1,0,0,0,21.0,77.77777777777779,25.166666666666668,3.682926829268293
d18f9182,DPMD Jayawardene,ODI,283,264,8069,10269,743,52,241,5,67,63,1,0,140,14,0,12,33.481327800829874,78.57629759470251,63.0,5.64179104477612
d1988788,Rohan Mustafa,ODI,75,69,1401,2261,112,26,64,74,3484,2606,80,28,29,4,0,4,21.890625,61.96373286156568,32.575,4.487944890929966
d1ac815a,JV Harris,ODI,6,6,91,207,9,1,6,0,0,0,0,0,1,0,0,0,15.166666666666666,43.96135265700483,,
d1ae8f94,Dolar Mahmud,ODI,7,4,61,44,5,4,4,7,210,258,8,1,0,0,0,1,15.25,138.63636363636365,32.25,7.371428571428571
d1c36f5c,JJ Roy,ODI,114,109,4237,4116,509,81,106,0,0,0,0,0,46,3,0,12,39.971698113207545,102.93974732750245,,
d1c94b25,CK Langeveldt,ODI,62,17,70,120,8,0,10,61,2990,2600,80,24,9,6,0,1,7.0,58.333333333333336,32.5,5.217391304347826
d1d83db3,T Gwandu,ODI,5,3,6,15,0,0,1,5,176,193,5,3,0,0,0,0,6.0,40.0,38.6,6.579545454545455
d1f871a4,C McAuslan,ODI,2,2,35,74,4,0,2,0,0,0,0,0,0,0,0,0,17.5,47.2972972972973,,
d285acaf,CE McConchie,ODI,6,5,126,133,11,3,3,5,168,135,4,1,3,1,0,0,42.0,94.73684210526315,33.75,4.821428571428571
d2a2bb1a,KNM Fernando,ODI,8,7,182,226,21,2,7,0,0,0,0,0,3,1,0,0,26.0,80.53097345132744,,
d2a6c0e6,EJG Morgan,ODI,231,215,6953,7767,600,190,184,0,0,0,0,0,85,7,0,12,37.78804347826087,89.51976310029612,,
d2a989fc,DS Kulkarni,ODI,12,2,27,31,2,1,0,12,598,508,19,4,2,2,0,0,,87.09677419354838,26.736842105263158,5.096989966555184
d2babdd5,E Chigumbura,ODI,160,151,3266,4235,264,73,130,108,3555,3490,80,18,48,14,0,6,25.123076923076923,77.11924439197166,43.625,5.890295358649789
d2c2b2d5,SR Tendulkar,ODI,146,144,6433,7616,774,60,135,53,1491,1383,27,3,45,9,0,16,47.65185185185185,84.46691176470588,51.22222222222222,5.565392354124748
d2d15439,Aayan Afzal Khan,ODI,38,34,595,829,55,13,26,38,1973,1358,50,25,3,0,0,3,22.884615384615383,71.77322074788903,27.16,4.129751647237709
d2e67105,Pargat Singh,ODI,30,29,997,1337,112,16,28,7,185,156,6,0,5,1,0,2,35.607142857142854,74.56993268511593,26.0,5.059459459459459
d2f3829d,NV Knight,ODI,13,13,390,544,31,2,13,0,0,0,0,0,6,0,0,0,30.0,71.69117647058823,,
d2f72b19,TBM de Leede,ODI,11,9,113,210,10,1,8,11,467,407,16,1,2,2,0,1,14.125,53.80952380952381,25.4375,5.229122055674519
d2fcce2f,HMRKB Herath,ODI,66,29,140,229,10,2,15,63,3026,2228,68,17,7,4,0,0,9.333333333333334,61.135371179039296,32.76470588235294,4.417713152676801
d32782ae,Rashid Latif,ODI,21,17,335,408,22,6,15,0,0,0,0,0,26,3,4,0,22.333333333333332,82.1078431372549,,
d32a4a41,R Walters,ODI,2,2,0,6,0,0,2,0,0,0,0,0,0,0,0,0,0.0,0.0,,
d3395043,Shamyl Hussain,ODI,2,2,10,31,0,0,2,0,0,0,0,0,1,0,0,0,5.0,32.25806451612903,,
d365d463,Nurul Hasan,ODI,13,11,282,316,26,6,6,0,0,0,0,0,18,2,4,0,47.0,89.24050632911393,,
d3851cd8,Ehsan Khan,ODI,13,11,100,229,8,0,8,13,703,515,23,8,1,1,0,0,12.5,43.66812227074236,22.391304347826086,4.395448079658606
d3868bd0,JH Davey,ODI,19,16,194,315,18,1,13,18,794,639,27,10,4,0,0,1,14.923076923076923,61.58730158730159,23.666666666666668,4.828715365239295
d38b80df,T Mufudza,ODI,2,1,1,9,0,0,1,2,102,75,0,0,0,1,0,0,1.0,11.11111111111111,,4.411764705882353
d3a1c63d,T de Zorzi,ODI,18,17,626,633,67,20,16,0,0,0,0,0,1,0,0,1,39.125,98.89415481832543,,
d3a3e82d,AB Barath,ODI,14,14,394,629,43,3,14,0,0,0,0,0,3,0,0,0,28.142857142857142,62.63910969793323,,
d3c260a6,Usman Rafiq,ODI,2,2,28,42,4,0,1,2,32,47,0,0,0,0,0,0,28.0,66.66666666666666,,8.8125
d3e83eef,F Mutizwa,ODI,11,10,183,282,11,3,8,0,0,0,0,0,6,1,0,0,22.875,64.8936170212766,,
d405c0d5,AM Hardie,ODI,15,12,180,227,16,2,12,13,426,392,10,5,5,0,0,0,15.0,79.29515418502203,39.2,5.52112676056338
d4eef961,M de Lange,ODI,4,0,0,0,0,0,0,4,209,198,10,1,0,0,0,1,,,19.8,5.684210526315789
d4f9dbd4,CA Pujara,ODI,5,5,51,136,4,0,5,0,0,0,0,0,0,0,0,0,10.2,37.5,,
d5130a30,B Sai Sudharsan,ODI,3,3,127,144,17,1,2,1,3,8,0,0,1,0,0,0,63.5,88.19444444444444,,16.0
d5403021,BC Lara,ODI,71,67,1878,2455,173,40,57,0,0,0,0,0,26,6,0,1,32.94736842105263,76.49694501018331,,
d5ae21a2,KD Shah,ODI,7,7,112,192,9,2,7,3,110,79,7,0,0,0,0,0,16.0,58.333333333333336,11.285714285714286,4.3090909090909095
d5afc103,RO Hinds,ODI,3,1,8,19,1,0,1,2,66,36,0,0,0,0,0,0,8.0,42.10526315789473,,3.272727272727273
d5bbb6a2,J Anderson,ODI,6,6,118,205,17,0,6,2,30,20,0,0,1,0,0,0,19.666666666666668,57.56097560975609,,4.0
d5f3b5e1,D Ganga,ODI,7,7,152,302,17,0,7,0,0,0,0,0,3,0,0,0,21.714285714285715,50.331125827814574,,
d666d3a8,BA Parchment,ODI,6,6,107,198,13,1,6,0,0,0,0,0,0,0,0,0,17.833333333333332,54.04040404040404,,
d67d5f00,DA Miller,ODI,175,150,4573,4510,341,143,107,0,0,0,0,0,86,12,0,4,42.73831775700935,101.39689578713968,,
d68e7f48,R Rampaul,ODI,80,35,338,450,31,13,28,76,3561,3040,103,28,10,5,0,2,12.071428571428571,75.1111111111111,29.514563106796118,5.122156697556866
d69c9b12,NT Pascal,ODI,1,1,0,1,0,0,1,1,24,29,0,0,0,0,0,0,0.0,0.0,,7.25
d7725664,RA Reifer,ODI,6,5,51,103,1,0,5,5,161,149,6,0,0,0,0,0,10.2,49.51456310679612,24.833333333333332,5.552795031055901
d797ecfe,Rashid Zia,ODI,2,2,9,58,2,0,2,2,59,69,0,1,0,0,0,0,4.5,15.517241379310345,,7.016949152542373
d7b3a420,Jaskaran Singh,ODI,3,3,38,64,3,1,3,3,150,135,4,2,0,0,0,0,12.666666666666666,59.375,33.75,5.4
d7bfcc0b,Mehran Khan,ODI,4,4,66,70,3,6,4,4,54,85,0,0,0,1,0,0,16.5,94.28571428571428,,9.444444444444445
d7c6af50,DL Vettori,ODI,159,96,1450,1745,118,8,71,153,7925,5254,184,66,48,16,0,8,20.422535211267604,83.0945558739255,28.554347826086957,3.9777917981072557
d7d744e5,PG Gillespie,ODI,2,2,2,11,0,0,2,0,0,0,0,0,0,0,0,0,1.0,18.181818181818183,,
d84378a4,M Kaif,ODI,70,64,1314,2062,120,1,53,0,0,0,0,0,29,6,0,1,24.79245283018868,63.72453928225025,,
d84a2d8e,DJ Reekers,ODI,5,5,38,38,8,0,5,4,138,131,3,1,2,0,0,0,7.6,100.0,43.666666666666664,5.695652173913044
d8699ab7,ML Hayden,ODI,99,96,3939,4956,411,58,87,0,0,0,0,0,41,4,0,5,45.275862068965516,79.47941888619854,,
d876610c,Robiul Islam,ODI,3,1,0,1,0,0,0,3,133,117,2,2,0,0,0,0,,0.0,58.5,5.2781954887218046
d8906a73,Waqar Younis,ODI,6,4,17,25,1,0,4,4,181,177,7,2,3,0,0,0,4.25,68.0,25.285714285714285,5.8674033149171265
d8976cb7,DG Blampied,ODI,3,2,7,13,1,0,2,3,78,77,0,1,0,0,0,0,3.5,53.84615384615385,,5.923076923076923
d8b2f218,BB Sran,ODI,6,0,0,0,0,0,0,6,302,269,7,1,0,0,0,0,,,38.42857142857143,5.344370860927152
d8e79af0,AC Botha,ODI,17,17,265,419,28,2,13,13,594,415,14,9,5,2,0,0,20.384615384615383,63.24582338902148,29.642857142857142,4.191919191919192
d913103d,K Mahato,ODI,2,2,1,10,0,0,0,2,78,76,2,0,0,0,0,0,,10.0,38.0,5.846153846153846
d9273ee7,MP Stoinis,ODI,69,63,1489,1622,133,49,55,62,2023,2031,46,5,16,3,0,1,27.072727272727274,91.80024660912454,44.15217391304348,6.023727137913989
d953ed6a,B Zuiderent,ODI,17,16,178,368,15,2,15,0,0,0,0,0,7,0,0,0,11.866666666666667,48.369565217391305,,
d9609443,ST Gabriel,ODI,23,11,22,58,1,0,7,23,1054,1088,30,4,1,1,0,0,3.142857142857143,37.93103448275862,36.266666666666666,6.193548387096775
d96165b5,D Myers,ODI,7,7,138,194,17,0,7,0,0,0,0,0,3,0,0,0,19.714285714285715,71.1340206185567,,
d996ba33,J Kila,ODI,13,12,159,249,14,2,10,8,229,200,6,4,3,0,0,0,15.9,63.85542168674698,33.333333333333336,5.240174672489084
d99cc23a,T van der Gugten,ODI,12,8,116,170,5,4,6,12,492,260,12,10,1,0,0,2,19.333333333333332,68.23529411764706,21.666666666666668,3.1707317073170733
d99de998,ZB Lion-Cachet,ODI,17,17,317,513,21,1,16,14,319,269,11,1,7,3,0,0,19.8125,61.79337231968811,24.454545454545453,5.059561128526646
da045dea,S Mukuddem,ODI,6,4,90,150,6,0,3,6,258,230,10,1,3,0,0,1,30.0,60.0,23.0,5.348837209302325
da4a1e46,M Spoors,ODI,8,7,145,258,13,3,7,3,90,83,3,0,2,0,0,0,20.714285714285715,56.201550387596896,27.666666666666668,5.533333333333333
da785bf8,GB Brent,ODI,24,18,192,305,13,3,11,23,1103,887,22,18,6,2,0,2,17.454545454545453,62.95081967213115,40.31818181818182,4.825022665457842
dabbd0ae,B Fernando,ODI,4,3,26,37,4,0,3,3,152,136,2,0,1,0,0,0,8.666666666666666,70.27027027027027,68.0,5.368421052631579
dac6aabc,Mahidul Islam Ankon,ODI,3,3,69,122,5,0,3,0,0,0,0,0,0,0,0,0,23.0,56.557377049180324,,
dadb9703,B Mavuta,ODI,14,10,92,108,10,1,8,11,420,396,10,0,2,0,0,0,11.5,85.18518518518519,39.6,5.6571428571428575
dadbdb68,JA Duffy,ODI,24,8,18,38,2,0,3,24,1036,1012,40,9,4,2,0,0,6.0,47.368421052631575,25.3,5.861003861003861
daf88af6,IS Sohi,ODI,2,1,0,2,0,0,1,2,90,78,4,0,0,0,0,0,0.0,0.0,19.5,5.2
db584dad,CH Gayle,ODI,201,198,6433,7434,670,254,189,116,4401,3505,95,22,76,8,0,13,34.03703703703704,86.53483992467044,36.89473684210526,4.778459441036128
db767b89,TL Best,ODI,22,13,72,114,7,0,7,22,1090,946,33,10,2,0,0,0,10.285714285714286,63.1578947368421,28.666666666666668,5.207339449541284
dbe50b21,HH Pandya,ODI,92,67,1897,1755,141,76,57,86,3359,3137,87,15,30,1,0,4,33.280701754385966,108.0911680911681,36.05747126436781,5.603453408752604
dbfb8218,DT Tiripano,ODI,32,26,343,535,27,8,18,30,1255,1228,27,8,4,1,0,0,19.055555555555557,64.11214953271028,45.48148148148148,5.870916334661355
dc0f5506,MJ Hoggard,ODI,9,2,5,11,0,0,2,9,454,458,6,3,1,1,0,0,2.5,45.45454545454545,76.33333333333333,6.0528634361233475
dc2f959a,SO Dowrich,ODI,1,1,6,8,1,0,1,0,0,0,0,0,0,0,0,0,6.0,75.0,,
dc36a6a5,AN Kervezee,ODI,11,9,110,204,13,0,9,0,0,0,0,0,6,0,0,0,12.222222222222221,53.92156862745098,,
dcbea954,Aasif Sheikh,ODI,71,71,1962,2703,223,22,66,0,0,0,0,0,54,16,8,6,29.727272727272727,72.5860155382908,,
dcce6f09,DA Warner,ODI,156,154,6623,6974,701,125,150,1,6,8,0,0,70,6,0,16,44.153333333333336,94.96702036134212,,8.0
dcdb87f2,Bilal Khan,ODI,47,20,30,75,1,1,10,47,2420,2036,98,28,3,0,0,2,3.0,40.0,20.775510204081634,5.047933884297521
dce2019b,F Behardien,ODI,58,49,1074,1114,79,25,35,34,700,684,12,1,27,4,0,1,30.685714285714287,96.40933572710951,57.0,5.862857142857143
dcf81436,S Kaul,ODI,2,1,1,2,0,0,1,2,108,121,0,0,1,0,0,0,1.0,50.0,,6.722222222222222
dd09ff8e,B Lee,ODI,154,76,865,1087,51,24,50,151,7727,6139,259,96,34,10,0,11,17.3,79.57681692732291,23.7027027027027,4.766921185453604
dd121907,TR Gripper,ODI,2,2,23,51,2,0,2,2,48,39,2,1,0,0,0,0,11.5,45.09803921568628,19.5,4.875
dd37da14,UWMBCA Welegedara,ODI,10,3,4,9,0,0,1,9,457,433,15,4,2,0,0,0,4.0,44.44444444444444,28.866666666666667,5.684901531728665
dd468277,N M'shangwe,ODI,4,4,38,44,0,5,4,4,216,163,1,4,0,0,0,0,9.5,86.36363636363636,163.0,4.527777777777778
dd55b0b0,BP Loots,ODI,5,3,15,23,0,2,2,5,184,226,2,0,0,0,0,0,7.5,65.21739130434783,113.0,7.369565217391304
dd572696,Haider Ali,ODI,8,4,25,94,1,0,4,8,462,303,5,7,3,0,0,0,6.25,26.595744680851062,60.6,3.935064935064935
ddb41291,L Sreekumar,ODI,3,3,57,69,10,1,3,0,0,0,0,0,1,0,0,0,19.0,82.6086956521739,,
ddc0828d,A Flintoff,ODI,83,74,2168,2414,213,56,60,76,3772,2676,119,52,21,4,0,10,36.13333333333333,89.80944490472245,22.48739495798319,4.256627783669141
de063a39,LD Madushanka,ODI,4,4,14,26,2,0,3,4,144,172,4,0,0,1,0,0,4.666666666666667,53.84615384615385,43.0,7.166666666666667
de0a3209,Mominul Haque,ODI,25,22,495,671,54,1,22,10,156,137,6,1,4,1,0,0,22.5,73.77049180327869,22.833333333333332,5.269230769230769
de3acffe,AJ McKay,ODI,19,9,12,47,0,0,3,19,926,800,27,7,2,0,0,0,4.0,25.53191489361702,29.62962962962963,5.183585313174945
de3d549a,AM Fernando,ODI,28,10,7,32,0,0,4,27,1112,1118,34,5,4,1,0,1,1.75,21.875,32.88235294117647,6.032374100719424
de7d833e,D Madushanka,ODI,24,9,36,76,5,0,3,24,1038,1058,46,7,6,1,0,2,12.0,47.368421052631575,23.0,6.115606936416185
de8cce37,VVS Laxman,ODI,28,27,828,1142,80,1,24,0,0,0,0,0,8,0,0,2,34.5,72.50437828371278,,
dec8e038,J Theron,ODI,18,12,50,104,5,0,10,17,780,667,31,8,7,1,0,1,5.0,48.07692307692308,21.516129032258064,5.130769230769231
ded9240e,PJ Cummins,ODI,88,57,525,652,42,12,37,88,4585,4029,141,42,21,6,0,2,14.18918918918919,80.52147239263803,28.574468085106382,5.272410032715377
ded9ff1e,JNT Seales,ODI,32,14,70,116,5,3,8,31,1406,1369,44,19,8,2,0,1,8.75,60.3448275862069,31.113636363636363,5.842105263157895
df064e1a,Ravi Bishnoi,ODI,1,1,4,2,1,0,0,1,48,69,1,0,0,0,0,0,,200.0,69.0,8.625
df08c69e,KM Dabengwa,ODI,24,23,364,631,20,6,18,24,700,641,12,1,5,1,0,0,20.22222222222222,57.68621236133122,53.416666666666664,5.494285714285714
df5a6881,DP Conway,ODI,42,41,1672,1962,207,22,38,0,0,0,0,0,20,0,0,3,44.0,85.21916411824668,,
df7ed601,T Kaitano,ODI,11,11,157,264,18,2,10,0,0,0,0,0,2,0,0,0,15.7,59.46969696969697,,
df92d6fb,D Gamage,ODI,2,2,3,11,0,0,1,2,65,57,1,1,1,0,0,0,3.0,27.27272727272727,57.0,5.2615384615384615
dfc4d8b5,KW Richardson,ODI,25,12,75,70,7,4,5,25,1312,1240,39,11,6,2,0,1,15.0,107.14285714285714,31.794871794871796,5.670731707317073
dff2050b,C Gunasekara,ODI,1,0,0,0,0,0,0,1,6,8,0,0,0,0,0,0,,,,8.0
dff967c1,RS Kaluwitharana,ODI,8,8,176,246,22,1,7,0,0,0,0,0,4,3,2,0,25.142857142857142,71.54471544715447,,
e00a9155,SD Heazlett,ODI,1,1,4,11,0,0,1,0,0,0,0,0,0,0,0,0,4.0,36.36363636363637,,
e012ad13,KOA Powell,ODI,42,41,934,1191,110,13,41,0,0,0,0,0,14,0,0,0,22.78048780487805,78.42149454240135,,
e01895bb,DT Johnston,ODI,35,29,361,473,27,8,21,32,1460,1107,37,18,13,5,0,1,17.19047619047619,76.32135306553911,29.91891891891892,4.549315068493151
e01aafc1,AN Petersen,ODI,20,18,498,610,53,3,17,1,6,7,0,0,5,0,0,0,29.294117647058822,81.63934426229508,,7.0
e0351c86,DNT Zoysa,ODI,19,9,36,56,3,0,6,17,756,582,22,10,2,0,0,1,6.0,64.28571428571429,26.454545454545453,4.619047619047619
e03b66ec,Mohammad Asif,ODI,34,12,26,94,1,0,8,32,1702,1334,41,24,4,0,0,1,3.25,27.659574468085108,32.53658536585366,4.702702702702703
e045c165,Rameez Shahzad,ODI,25,25,848,1118,75,17,22,2,30,33,0,0,5,0,0,1,38.54545454545455,75.84973166368515,,6.6
e0557f7f,DE Bernard,ODI,17,12,141,225,10,0,10,15,540,470,10,4,6,2,0,0,14.1,62.66666666666667,47.0,5.222222222222222
e087956b,BA Stokes,ODI,113,98,3469,3701,283,110,83,87,3086,3125,74,8,52,3,0,9,41.795180722891565,93.73142393947582,42.229729729729726,6.075826312378483
e15faa51,Javed Omar,ODI,20,20,468,967,54,2,20,0,0,0,0,0,3,0,0,0,23.4,48.3971044467425,,
e16e7347,CG Williams,ODI,16,16,427,550,38,8,14,9,258,194,3,0,5,0,0,1,30.5,77.63636363636364,64.66666666666667,4.511627906976744
e174dadd,Mohammad Amir,ODI,60,30,363,457,32,8,20,59,2953,2359,81,30,5,2,0,1,18.15,79.43107221006565,29.123456790123456,4.793091771080257
e186f49c,Mashrafe Mortaza,ODI,175,121,1304,1609,108,42,98,175,8539,7233,211,74,40,6,0,9,13.306122448979592,81.04412678682411,34.279620853080566,5.0823281414685555
e1891e00,BV Sears,ODI,4,2,11,18,0,0,1,4,206,197,10,0,1,0,0,0,11.0,61.111111111111114,19.7,5.737864077669903
e1b9f3a9,BJ Dwarshuis,ODI,6,4,65,105,4,2,4,6,288,278,9,1,1,0,0,0,16.25,61.904761904761905,30.88888888888889,5.791666666666667
e1d1b294,HH Gibbs,ODI,110,102,3766,4434,414,72,95,0,0,0,0,0,48,9,0,9,39.642105263157895,84.93459630130808,,
e1e81c75,GR Codrington,ODI,6,6,80,123,8,2,5,6,306,257,8,0,3,0,0,1,16.0,65.04065040650406,32.125,5.03921568627451
e21bc7f3,RD Berrington,ODI,101,94,2784,3710,195,72,80,35,745,645,14,2,34,10,0,4,34.8,75.04043126684637,46.07142857142857,5.194630872483221
e237b28c,Mohammad Yousuf,ODI,80,76,2783,3741,236,13,65,1,1,0,1,1,12,1,0,2,42.815384615384616,74.3918738305266,0.0,0.0
e237b28c,Yousuf Youhana,ODI,56,53,1740,2208,126,20,45,1,1,1,0,0,9,1,0,4,38.666666666666664,78.80434782608695,,6.0
e258a603,N Dutta,ODI,6,5,70,122,2,2,3,5,234,176,2,1,1,0,0,0,23.333333333333332,57.377049180327866,88.0,4.512820512820513
e28bb0b9,DO Leicher,ODI,8,7,154,208,8,4,5,5,102,109,2,1,3,0,0,0,30.8,74.03846153846155,54.5,6.411764705882353
e29e9c12,Shakeel Ahmed,ODI,22,17,169,300,9,6,11,22,1222,708,49,28,3,1,0,3,15.363636363636363,56.333333333333336,14.448979591836734,3.476268412438625
e2ee90d9,MA Aponso,ODI,9,7,10,45,0,0,3,9,423,377,10,2,0,0,0,0,3.3333333333333335,22.22222222222222,37.7,5.347517730496454
e32d22f6,Pankaj Singh,ODI,1,1,3,3,0,0,0,1,42,45,0,0,1,0,0,0,,100.0,,6.428571428571429
e33616eb,HJC Mol,ODI,6,4,42,125,4,0,4,4,116,106,4,1,1,0,0,0,10.5,33.6,26.5,5.482758620689656
e3386c8a,K Bhurtel,ODI,71,70,1598,2012,178,34,68,24,570,492,13,1,45,2,0,4,23.5,79.42345924453281,37.84615384615385,5.178947368421053
e342e5fb,CR Brathwaite,ODI,40,34,527,613,34,22,32,37,1681,1627,39,11,10,4,0,0,16.46875,85.97063621533442,41.717948717948715,5.807257584770969
e343abe9,NS Poonia,ODI,6,6,12,42,0,0,6,0,0,0,0,0,0,0,0,0,2.0,28.57142857142857,,
e3540b8c,DS Bajwa,ODI,9,8,108,184,11,1,8,3,54,50,1,1,2,0,0,0,13.5,58.69565217391305,50.0,5.555555555555555
e38bce7a,MG Bracewell,ODI,48,41,1042,1000,87,44,29,43,1936,1591,46,9,31,0,0,4,35.93103448275862,104.2,34.58695652173913,4.930785123966942
e3a949be,D Cleaver,ODI,1,1,32,37,3,0,1,0,0,0,0,0,2,0,0,0,32.0,86.48648648648648,,
e3dd0d8e,R Kaia,ODI,1,0,0,0,0,0,0,0,0,0,0,0,0,0,0,0,,,,
e3e09091,Zakir Hasan,ODI,1,1,1,5,0,0,1,0,0,0,0,0,0,0,0,0,1.0,20.0,,
e3eb9e46,Nizakat Khan,ODI,15,15,508,628,56,12,15,5,108,89,3,1,8,0,0,0,33.86666666666667,80.89171974522293,29.666666666666668,4.944444444444445
e3fe4b49,F Hand,ODI,1,1,0,1,0,0,1,1,48,44,1,0,0,0,0,0,0.0,0.0,44.0,5.5
e412cb64,HF Gurney,ODI,10,6,15,33,1,0,2,10,455,432,11,2,1,0,0,0,7.5,45.45454545454545,39.27272727272727,5.696703296703297
e4271302,Amjad Ali,ODI,10,10,249,387,33,0,10,0,0,0,0,0,7,3,1,0,24.9,64.34108527131784,,
e42dff5f,KHRK Fernando,ODI,2,2,3,15,0,0,1,2,66,41,1,0,1,0,0,0,3.0,20.0,41.0,3.727272727272727
e4a0deae,MJ Santner,ODI,127,94,1641,1831,116,53,61,122,6100,4831,136,34,49,13,0,3,26.901639344262296,89.62315674494812,35.52205882352941,4.7518032786885245
e5309baa,CP Rizwan,ODI,41,38,901,1573,64,2,33,5,58,50,1,0,8,1,0,1,27.303030303030305,57.27908455181182,50.0,5.172413793103448
e5437608,GF Linde,ODI,4,3,29,40,3,0,2,4,150,140,4,1,2,0,0,0,14.5,72.5,35.0,5.6
e5ad357a,MD du Preez,ODI,3,3,14,45,0,0,3,0,0,0,0,0,4,0,0,0,4.666666666666667,31.11111111111111,,
e62dd25d,K Rabada,ODI,103,44,401,514,30,12,27,101,5285,4501,165,57,27,4,0,4,14.851851851851851,78.01556420233463,27.278787878787877,5.1099337748344364
e64c10dd,VV Morea,ODI,8,8,142,228,13,1,8,0,0,0,0,0,4,1,0,0,17.75,62.28070175438597,,
e662b18f,JAR Blain,ODI,10,6,67,134,2,2,5,9,370,285,14,6,2,0,0,0,13.4,50.0,20.357142857142858,4.621621621621622
e66732f8,RD Rickelton,ODI,16,16,351,431,40,5,15,0,0,0,0,0,16,4,6,1,23.4,81.4385150812065,,
e6b3c3cc,Parveen Kumar,ODI,6,4,41,48,5,0,3,6,303,202,4,6,4,0,0,0,13.666666666666666,85.41666666666666,50.5,4.0
e6ce0f4a,S Kalyan,ODI,4,4,55,128,1,1,4,0,0,0,0,0,4,0,0,0,13.75,42.96875,,
e6d298e8,CD de Lange,ODI,7,5,65,94,6,0,2,6,264,209,13,2,3,2,0,0,32.5,69.14893617021278,16.076923076923077,4.75
e6dd77bb,SS McKechnie,ODI,6,6,73,142,4,0,6,0,0,0,0,0,8,0,1,0,12.166666666666666,51.40845070422535,,
e6ddab51,EH Hutchinson,ODI,8,6,123,125,7,7,4,7,222,156,3,0,2,0,0,0,30.75,98.4,52.0,4.216216216216216
e6ec6b42,Aaditya Varadarajan,ODI,3,3,36,66,1,0,3,0,0,0,0,0,1,0,0,0,12.0,54.54545454545454,,
e70a0811,Nasir Aziz,ODI,3,2,81,125,11,0,2,3,156,147,2,0,0,0,0,0,40.5,64.8,73.5,5.653846153846154
e734d090,CN Ackermann,ODI,16,15,380,517,38,2,14,16,614,459,13,8,7,2,0,1,27.142857142857142,73.5009671179884,35.30769230769231,4.485342019543974
e74ad9ea,Habibul Bashar,ODI,51,49,926,1671,77,3,46,0,0,0,0,0,13,0,0,0,20.130434782608695,55.41591861160982,,
e798611a,HM Amla,ODI,177,174,7834,9058,796,49,161,0,0,0,0,0,86,4,0,16,48.6583850931677,86.48708324133364,,
e7ba1233,S Matsikenyeri,ODI,79,78,1309,1968,131,10,72,26,668,557,13,1,19,1,0,0,18.180555555555557,66.51422764227642,42.84615384615385,5.002994011976048
e7de4f6b,RR Emrit,ODI,2,2,13,35,1,0,1,2,84,99,0,0,1,0,0,0,13.0,37.142857142857146,,7.071428571428571
e7e86505,B Evans,ODI,20,18,240,251,17,9,14,19,800,750,21,8,10,3,0,0,17.142857142857142,95.61752988047809,35.714285714285715,5.625
e824e6ee,TWM Latham,ODI,169,156,4583,5565,386,60,136,0,0,0,0,0,142,14,18,10,33.6985294117647,82.35399820305481,,
e82dc4c5,TS Nethula,ODI,5,3,12,11,1,0,2,5,264,249,5,3,1,0,0,0,6.0,109.09090909090908,49.8,5.659090909090909
e84ac20c,MJ Henry,ODI,93,37,270,298,22,11,26,91,4868,4237,171,59,26,3,0,7,10.384615384615385,90.60402684563759,24.77777777777778,5.222267871815941
e8511411,SJ Baard,ODI,17,17,326,567,31,3,17,0,0,0,0,0,4,0,0,0,19.176470588235293,57.49559082892416,,
e855edaa,Y Punja,ODI,1,1,1,7,0,0,1,1,36,49,0,0,0,0,0,0,1.0,14.285714285714285,,8.166666666666666
e85d03d6,BM Scholtz,ODI,68,42,312,486,24,4,26,67,3612,1970,102,72,2,4,0,3,12.0,64.19753086419753,19.313725490196077,3.272425249169435
e86754b2,TK Curran,ODI,28,16,303,332,29,5,8,28,1308,1290,34,9,5,0,0,1,37.875,91.26506024096386,37.94117647058823,5.91743119266055
e88468b7,Mujibur Ali,ODI,8,8,136,243,13,0,7,8,207,182,3,0,3,0,0,0,19.428571428571427,55.96707818930041,60.666666666666664,5.27536231884058
e8b5ea8d,A McGrath,ODI,13,11,155,342,10,0,9,6,210,160,3,1,2,0,0,0,17.22222222222222,45.32163742690059,53.333333333333336,4.571428571428571
e8d7b493,Manjural Islam Rana,ODI,15,13,251,468,17,0,10,15,598,426,13,5,0,0,0,0,25.1,53.63247863247863,32.76923076923077,4.274247491638795
e938e1bc,P Kumar,ODI,68,33,292,338,25,7,21,67,3242,2774,77,40,9,7,0,2,13.904761904761905,86.3905325443787,36.02597402597402,5.133867982726712
e93b6c95,G Singh,ODI,31,31,938,1155,86,17,25,5,113,95,6,1,14,2,0,3,37.52,81.21212121212122,15.833333333333334,5.04424778761062
e94915e6,SM Curran,ODI,43,32,658,747,46,22,29,43,1657,1679,43,15,10,2,0,4,22.689655172413794,88.08567603748327,39.04651162790697,6.079662039831019
e957b38f,AR McBrine,ODI,72,47,812,1110,82,14,35,68,3372,2721,69,24,20,9,0,3,23.2,73.15315315315316,39.43478260869565,4.841637010676156
e95cd1f5,S Dhamala,ODI,1,1,12,40,0,0,1,0,0,0,0,0,0,0,0,0,12.0,30.0,,
e9630504,Shaiman Anwar,ODI,30,30,947,1162,95,16,30,7,117,134,4,0,10,1,0,0,31.566666666666666,81.49741824440619,33.5,6.871794871794871
e97aefe2,SI Mahmood,ODI,25,12,84,99,8,1,10,24,1155,1113,30,4,1,3,0,2,8.4,84.84848484848484,37.1,5.781818181818182
e9987a94,C Overton,ODI,7,5,68,79,4,1,3,7,308,291,5,2,4,0,0,0,22.666666666666668,86.07594936708861,58.2,5.6688311688311686
e9a870ed,AC Evans,ODI,27,11,66,92,6,1,7,26,1262,1148,36,13,4,1,0,0,9.428571428571429,71.73913043478261,31.88888888888889,5.458003169572107
e9c14262,MS Tshabalala,ODI,4,1,2,3,0,0,0,4,150,151,3,2,0,0,0,0,,66.66666666666666,50.333333333333336,6.04
e9e37173,A Busing-Volschenk,ODI,1,1,2,21,0,0,1,0,0,0,0,0,2,0,0,0,2.0,9.523809523809524,,
ea0cdc12,BAW Mendis,ODI,82,39,185,267,16,2,23,79,3920,3221,136,33,12,5,0,5,8.043478260869565,69.28838951310861,23.683823529411764,4.930102040816326
ea3ffd1b,NO Miller,ODI,42,26,279,362,23,4,14,38,1703,1394,32,8,10,2,0,0,19.928571428571427,77.07182320441989,43.5625,4.911332941867293
ea42ddb9,ME Trescothick,ODI,64,63,2109,2584,280,13,59,7,150,147,2,0,30,2,0,4,35.74576271186441,81.61764705882352,73.5,5.88
ea59139a,Wasim Ali,ODI,13,13,175,221,14,4,10,9,111,136,5,0,7,1,0,0,17.5,79.18552036199095,27.2,7.351351351351352
eaa36b2a,BJ Bennett,ODI,11,11,362,407,45,5,11,3,48,62,1,0,3,0,0,1,32.90909090909091,88.94348894348894,62.0,7.75
eaa76d3c,C Green,ODI,37,33,946,1158,72,26,24,30,904,869,21,3,22,1,0,2,39.416666666666664,81.69257340241796,41.38095238095238,5.767699115044248
eade4650,DJ Mitchell,ODI,61,56,2810,3036,230,72,48,18,339,335,14,1,39,0,0,3,58.541666666666664,92.55599472990778,23.928571428571427,5.929203539823009
eb2d5fe7,Anwar Ali,ODI,21,15,300,339,27,7,10,21,903,921,19,1,4,3,0,1,30.0,88.49557522123894,48.473684210526315,6.119601328903655
eb7af112,Mohammad Tauqir,ODI,8,7,34,83,4,0,5,8,341,284,7,0,1,0,0,0,6.8,40.963855421686745,40.57142857142857,4.997067448680352
eb9cb105,SC Meaker,ODI,2,2,2,18,0,0,2,2,114,110,2,1,0,0,0,0,1.0,11.11111111111111,55.0,5.7894736842105265
eba6a852,SCJ Broad,ODI,117,65,509,692,35,10,43,117,5913,5236,174,55,24,6,0,3,11.837209302325581,73.55491329479769,30.091954022988507,5.313039066463724
ec02b798,WTS Porterfield,ODI,90,89,2670,3962,274,27,89,0,0,0,0,0,42,5,0,5,30.0,67.3902069661787,,
ec4dada1,MN Waller,ODI,54,51,1039,1383,106,10,48,25,570,490,9,0,14,7,0,1,21.645833333333332,75.12653651482285,54.44444444444444,5.157894736842105
ec526fca,JP Maher,ODI,7,6,122,187,9,3,5,0,0,0,0,0,5,0,0,0,24.4,65.24064171122996,,
ec9db8a7,Musa Ahmed,ODI,13,13,238,379,20,3,13,1,6,5,0,0,4,0,0,0,18.307692307692307,62.796833773087066,,5.0
ecaad7d2,RW Sims,ODI,1,1,24,64,2,0,1,1,18,18,0,0,0,0,0,0,24.0,37.5,,6.0
ed547c49,I Pandey,ODI,7,7,201,284,16,3,6,0,0,0,0,0,2,0,0,1,33.5,70.77464788732394,,
ed6894af,D Foxcroft,ODI,6,6,171,201,10,7,5,4,135,102,2,0,2,0,0,1,34.2,85.07462686567165,51.0,4.533333333333333
ed70ac05,BP Kruger,ODI,1,1,8,12,1,0,1,1,21,23,0,0,1,0,0,0,8.0,66.66666666666666,,6.571428571428571
ed90abe4,AP Devcich,ODI,12,11,195,262,25,0,11,11,324,291,4,1,2,0,0,0,17.727272727272727,74.42748091603053,72.75,5.388888888888889
edfe226f,Omid Shafi Rahman,ODI,2,2,1,7,0,0,1,2,78,104,0,1,0,0,0,0,1.0,14.285714285714285,,8.0
ee229588,S Movva,ODI,26,24,556,853,36,4,16,0,0,0,0,0,26,6,3,1,34.75,65.18171160609613,,
ee5aa838,AGR Loudon,ODI,1,0,0,0,0,0,1,1,36,36,0,0,0,0,0,0,0.0,,,6.0
ee7d0c82,GD McGrath,ODI,66,14,18,44,0,0,6,65,3213,2060,98,69,11,4,0,5,3.0,40.909090909090914,21.020408163265305,3.8468720821662
ee95065d,Irfan Khan,ODI,9,6,48,75,3,1,6,1,30,51,3,0,5,1,0,0,8.0,64.0,17.0,10.2
ee9bdbc8,Zulqarnain Haider,ODI,4,4,48,70,3,0,2,0,0,0,0,0,1,1,1,0,24.0,68.57142857142857,,
eea6b7f1,SP Fleming,ODI,68,66,2133,3036,259,30,62,0,0,0,0,0,32,1,0,5,34.403225806451616,70.25691699604744,,
eeeebf82,HA Varaiya,ODI,18,11,43,119,3,0,6,15,676,545,14,7,4,0,0,0,7.166666666666667,36.134453781512605,38.92857142857143,4.837278106508876
eef2536f,Avesh Khan,ODI,8,4,23,30,2,1,3,8,356,329,9,5,3,0,0,0,7.666666666666667,76.66666666666667,36.55555555555556,5.544943820224719
ef18b66e,Taskin Ahmed,ODI,80,42,253,443,18,9,32,78,3824,3446,112,39,9,2,0,1,7.90625,57.11060948081265,30.767857142857142,5.406903765690377
ef5cbaf6,NFI McCallum,ODI,11,10,233,366,22,5,8,0,0,0,0,0,3,0,0,0,29.125,63.661202185792355,,
ef6aea67,PHT Kaushal,ODI,1,1,0,1,0,0,1,1,36,25,0,0,0,0,0,0,0.0,0.0,,4.166666666666667
ef7a904e,AA Shafique,ODI,2,1,13,33,2,0,1,0,0,0,0,0,2,0,2,0,13.0,39.39393939393939,,
efa04f87,N Fernandes,ODI,1,1,5,13,0,0,1,0,0,0,0,0,0,0,0,0,5.0,38.46153846153847,,
efb04d81,TK Canning,ODI,2,2,13,25,0,0,2,2,84,64,2,1,0,1,0,0,6.5,52.0,32.0,4.571428571428571
f011dfa3,RC Irani,ODI,10,10,118,202,7,0,8,10,473,356,8,1,1,0,0,0,14.75,58.415841584158414,44.5,4.51585623678647
f0398c2f,J Matharu,ODI,2,2,7,10,1,0,0,2,78,71,0,1,0,0,0,0,,70.0,,5.461538461538462
f048bb41,JM Mennie,ODI,2,2,1,5,0,0,2,2,120,131,3,2,0,0,0,0,0.5,20.0,43.666666666666664,6.55
f05fe9b1,JA Simpson,ODI,3,2,20,32,2,0,2,0,0,0,0,0,9,0,0,0,10.0,62.5,,
f0af99a7,D Ferreira,ODI,3,2,10,22,1,0,2,3,138,115,2,0,3,0,0,0,5.0,45.45454545454545,57.5,5.0
f0e293b0,Zahoor Khan,ODI,60,38,143,259,10,4,22,60,2787,2325,90,25,10,2,0,0,6.5,55.21235521235521,25.833333333333332,5.005382131324004
f0e58a83,SKW Kelly,ODI,3,1,7,5,1,0,0,3,79,70,2,0,1,0,0,0,,140.0,35.0,5.3164556962025316
f0e722e0,Usman Shinwari,ODI,16,4,6,7,0,1,3,16,708,575,34,7,2,0,0,4,2.0,85.71428571428571,16.91176470588235,4.872881355932203
f0f628c7,MM Patel,ODI,69,24,74,114,7,1,11,66,3100,2555,86,34,8,7,0,2,6.7272727272727275,64.91228070175438,29.709302325581394,4.945161290322581
f10e94c4,AD Nath,ODI,4,4,73,95,4,2,3,2,12,23,0,0,2,0,0,0,24.333333333333332,76.84210526315789,,11.5
f144d99b,Yasir Hameed,ODI,39,39,1459,2225,159,4,39,0,0,0,0,0,9,2,0,4,37.41025641025641,65.57303370786516,,
f14c62e4,PA Nixon,ODI,19,18,297,351,21,7,14,0,0,0,0,0,20,5,3,0,21.214285714285715,84.61538461538461,,
f17971df,BG Rogers,ODI,8,8,287,410,37,1,8,5,168,201,5,0,1,0,0,1,35.875,70.0,40.2,7.178571428571429
f190c775,K Tathgur,ODI,1,0,0,0,0,0,0,0,0,0,0,0,0,0,0,0,,,,
f19ccfad,Washington Sundar,ODI,31,22,426,527,29,12,19,27,1038,850,29,4,7,0,0,0,22.42105263157895,80.83491461100569,29.310344827586206,4.913294797687861
f1a042e5,WP Myburgh,ODI,5,5,76,167,2,0,5,2,18,21,1,0,1,0,0,0,15.2,45.50898203592814,21.0,7.0
f1cb042f,PT Collins,ODI,8,5,3,10,0,0,2,8,420,347,11,2,0,1,0,0,1.5,30.0,31.545454545454547,4.957142857142857
f1f99156,TH David,ODI,4,4,45,56,3,3,4,1,12,20,1,0,0,0,0,0,11.25,80.35714285714286,20.0,10.0
f21043a5,MDKJ Perera,ODI,112,107,3077,3375,344,51,103,0,0,0,0,0,48,5,3,5,29.87378640776699,91.17037037037036,,
f233bbb4,ST Jayasuriya,ODI,135,133,4414,4796,517,89,128,105,4003,3184,89,19,23,11,0,14,34.484375,92.03502919099249,35.7752808988764,4.772420684486636
f2397e48,Codi Yusuf,ODI,1,1,5,11,1,0,1,1,60,80,0,0,0,1,0,0,5.0,45.45454545454545,,8.0
f24c6701,M Theekshana,ODI,51,30,284,580,19,1,18,50,2504,1840,75,20,11,2,0,4,15.777777777777779,48.96551724137931,24.533333333333335,4.4089456869009584
f2665768,A Phillip,ODI,5,2,22,25,0,1,1,5,195,207,4,0,2,1,0,0,22.0,88.0,51.75,6.369230769230769
f27f89e8,AR White,ODI,27,23,301,498,23,0,23,16,325,248,7,4,9,3,0,0,13.08695652173913,60.44176706827309,35.42857142857143,4.578461538461538
f2800ef3,Yasir Shah,ODI,25,12,127,153,9,1,7,24,1293,1150,24,4,5,1,0,1,18.142857142857142,83.00653594771242,47.916666666666664,5.336426914153132
f28a60e0,Saad Bin Zafar,ODI,32,28,365,499,33,4,24,31,1629,1161,30,9,10,1,0,0,15.208333333333334,73.14629258517033,38.7,4.276243093922652
f2c936d7,MJ Owen,ODI,3,2,37,28,2,3,2,3,36,42,2,0,0,0,0,0,18.5,132.14285714285714,21.0,7.0
f2e8b37c,Arafat Minhas,ODI,3,3,60,85,7,1,2,3,156,86,7,4,1,1,0,1,30.0,70.58823529411765,12.285714285714286,3.3076923076923075
f3171936,BW Hilfenhaus,ODI,25,9,29,71,2,0,3,25,1216,1075,29,17,8,0,0,1,9.666666666666666,40.845070422535215,37.06896551724138,5.304276315789474
f32dbc84,CJ Chibhabha,ODI,87,87,1987,3130,205,12,85,49,1377,1371,28,11,25,5,0,1,23.376470588235293,63.48242811501598,48.964285714285715,5.973856209150327
f390904d,GH Bodi,ODI,2,2,83,136,9,1,2,1,6,8,0,0,1,1,0,0,41.5,61.029411764705884,,8.0
f3abd0c9,DR Briggs,ODI,1,0,0,0,0,0,0,1,60,39,2,0,0,0,0,0,,,19.5,3.9
f3b158d9,C Carmichael,ODI,3,2,64,83,7,1,2,0,0,0,0,0,1,0,0,0,32.0,77.10843373493977,,
f3bde2b3,KDK Vithanage,ODI,6,6,75,92,11,0,5,2,12,17,0,0,2,1,0,0,15.0,81.52173913043478,,8.5
f3be8d36,Bilal Asif,ODI,3,3,40,52,6,1,3,3,132,96,5,1,0,0,0,1,13.333333333333334,76.92307692307693,19.2,4.363636363636363
f3cb53a1,MV Boucher,ODI,132,106,2617,2961,199,55,78,0,0,0,0,0,173,21,9,2,33.55128205128205,88.3823032759203,,
f407e354,M van Jaarsveld,ODI,6,4,29,57,2,0,4,1,30,18,1,1,2,0,0,0,7.25,50.877192982456144,18.0,3.6
f41598c1,AN Cook,ODI,91,91,3204,4238,363,10,87,0,0,0,0,0,36,3,0,7,36.827586206896555,75.60169891458234,,
f42064d5,CN Greaves,ODI,29,22,355,414,31,8,16,21,653,596,28,2,10,1,0,1,22.1875,85.74879227053141,21.285714285714285,5.476263399693721
f427e63e,NRJ Croes,ODI,27,23,538,722,46,2,21,0,0,0,0,0,18,0,0,1,25.61904761904762,74.51523545706371,,
f43dd8c2,SM Sharif,ODI,77,49,550,749,38,8,27,76,3463,2867,98,33,16,3,0,2,20.37037037037037,73.43124165554073,29.255102040816325,4.967369332948311
f44af07f,C White,ODI,5,4,79,84,6,0,3,5,270,179,9,5,1,1,0,0,26.333333333333332,94.04761904761905,19.88888888888889,3.977777777777778
f468293b,JN Loftie-Eaton,ODI,52,48,1034,1420,79,20,38,35,933,821,31,9,34,2,0,3,27.210526315789473,72.8169014084507,26.483870967741936,5.279742765273312
f476d2a5,Asad Ali,ODI,4,2,13,16,0,1,2,4,180,115,2,5,0,0,0,0,6.5,81.25,57.5,3.8333333333333335
f4d6a5b0,R Murray,ODI,5,5,108,180,6,2,4,0,0,0,0,0,3,0,0,0,27.0,60.0,,
f5180fe6,MG Johnson,ODI,147,87,934,1002,80,22,57,144,7187,5790,226,64,28,8,0,6,16.385964912280702,93.21357285429141,25.61946902654867,4.833727563656603
f5390243,CD McMillan,ODI,50,46,1129,1393,93,32,39,19,460,425,11,2,10,0,0,2,28.94871794871795,81.04809763101221,38.63636363636363,5.5434782608695645
f53b3e1d,Karan KC,ODI,69,51,708,802,48,37,40,69,3064,2594,103,40,9,6,0,5,17.7,88.2793017456359,25.184466019417474,5.079634464751958
f55c526f,T Maruma,ODI,18,15,122,225,8,4,14,8,212,204,4,1,10,2,0,0,8.714285714285714,54.22222222222223,51.0,5.773584905660377
f56cd097,Rubel Hossain,ODI,95,39,112,226,11,2,24,93,4282,4078,122,24,18,4,0,3,4.666666666666667,49.557522123893804,33.42622950819672,5.71415226529659
f5715b48,Ali Naseer,ODI,17,17,396,399,34,18,15,17,686,644,20,4,1,0,0,0,26.4,99.24812030075188,32.2,5.63265306122449
f5821615,JS Patel,ODI,37,12,91,152,5,2,7,36,1764,1476,42,7,11,3,0,1,13.0,59.86842105263158,35.142857142857146,5.020408163265306
f58839ad,GA Manou,ODI,4,1,7,6,0,0,1,0,0,0,0,0,5,2,0,0,7.0,116.66666666666667,,
f5c198fb,SP Patil,ODI,8,8,153,295,13,0,7,0,0,0,0,0,7,1,1,0,21.857142857142858,51.864406779661024,,
f5ef7ac3,TSS Mackintosh,ODI,10,9,169,203,17,1,8,0,0,0,0,0,2,0,0,0,21.125,83.2512315270936,,
f5f18a18,S Randiv,ODI,31,17,280,390,28,1,16,29,1437,1214,36,4,6,1,0,1,17.5,71.7948717948718,33.72222222222222,5.068893528183716
f6571355,CK Tshuma,ODI,2,1,0,1,0,0,1,2,66,83,1,1,0,0,0,0,0.0,0.0,83.0,7.545454545454546
f6b5d11a,PDRL Perera,ODI,13,4,5,9,0,0,2,13,540,490,11,7,1,3,0,1,2.5,55.55555555555556,44.54545454545455,5.444444444444445
f6c2659d,Aizaz Khan,ODI,13,10,143,216,12,5,9,13,494,474,13,2,1,0,0,0,15.88888888888889,66.20370370370371,36.46153846153846,5.757085020242915
f708a0bc,GB Hogg,ODI,97,47,647,818,40,5,33,87,4237,3167,129,34,18,9,0,2,19.606060606060606,79.09535452322739,24.550387596899224,4.484776964833609
f71de062,OL Pitcher,ODI,3,3,28,83,2,0,3,0,0,0,0,0,1,0,0,0,9.333333333333334,33.734939759036145,,
f752db61,JL Pattinson,ODI,14,7,41,80,2,0,3,14,673,635,13,5,3,0,0,0,13.666666666666666,51.24999999999999,48.84615384615385,5.661218424962852
f76d7466,JN Malan,ODI,23,22,958,1177,97,16,20,0,0,0,0,0,11,0,0,3,47.9,81.39337298215803,,
f76ffa81,N Hussain,ODI,12,11,213,324,15,0,11,0,0,0,0,0,3,1,0,0,19.363636363636363,65.74074074074075,,
f771a151,EC Rainsford,ODI,22,17,31,103,1,0,9,22,1025,790,16,13,3,1,0,0,3.4444444444444446,30.097087378640776,49.375,4.624390243902439
f78e7113,S Prasanna,ODI,39,35,421,460,29,26,33,38,1905,1723,31,8,6,2,0,0,12.757575757575758,91.52173913043478,55.58064516129032,5.426771653543307
f7b2cbe8,C Viljoen,ODI,2,2,19,23,2,0,1,2,30,14,2,0,2,0,0,0,19.0,82.6086956521739,7.0,2.8
f7c3d426,CK Holder,ODI,1,1,0,3,0,0,0,1,18,26,0,0,0,0,0,0,,0.0,,8.666666666666666
f7ce2ff9,J Ramanandi,ODI,8,8,182,187,13,7,7,6,270,209,2,2,3,1,0,0,26.0,97.32620320855615,104.5,4.644444444444445
f7d267f7,NP Kenjige,ODI,62,42,440,646,30,5,26,61,2933,2053,61,20,18,2,0,0,16.923076923076923,68.11145510835914,33.65573770491803,4.199795431299012
f8035c2a,BDH Stevens,ODI,1,1,1,5,0,0,1,1,18,28,0,0,0,0,0,0,1.0,20.0,,9.333333333333334
f80682f8,Ravinderpal Singh,ODI,5,5,77,107,5,3,5,0,0,0,0,0,4,0,0,0,15.4,71.96261682242991,,
f834dcfc,L Ngidi,ODI,70,28,123,253,8,6,12,69,3242,3147,107,27,15,0,0,3,10.25,48.616600790513836,29.411214953271028,5.824182603331277
f842c2cf,MJ Clarke,ODI,217,198,6988,9095,578,45,161,92,2225,1826,52,5,89,21,0,10,43.40372670807454,76.83342495876856,35.11538461538461,4.924044943820225
f846de6a,MN Samuels,ODI,152,142,4205,5654,384,102,123,98,3632,2905,57,14,32,9,0,12,34.1869918699187,74.37212592854617,50.96491228070175,4.799008810572687
f892fcf9,L Sipamla,ODI,5,2,14,20,0,0,0,4,182,172,2,1,1,0,0,0,,70.0,86.0,5.670329670329671
f8c72766,D Heyliger,ODI,22,17,213,225,18,8,15,22,1041,884,37,3,3,3,0,1,14.2,94.66666666666667,23.89189189189189,5.095100864553314
f8f2ec39,MMA Jonkman,ODI,1,1,13,38,2,0,1,1,24,21,1,0,0,0,0,0,13.0,34.21052631578947,21.0,5.25
f8fd6e3f,Ahmed Shehzad,ODI,80,80,2555,3623,262,18,79,9,115,140,2,0,28,6,0,6,32.34177215189873,70.52166712669059,70.0,7.304347826086956
f92c9151,TC Bruce,ODI,2,2,33,35,1,2,1,0,0,0,0,0,1,0,0,0,33.0,94.28571428571428,,
f93b43dd,SK Patel,ODI,27,27,885,1125,98,11,25,0,0,0,0,0,36,7,4,2,35.4,78.66666666666666,,
f987245c,AM Ellis,ODI,15,12,154,189,10,2,11,13,480,425,12,2,3,1,0,0,14.0,81.48148148148148,35.416666666666664,5.3125
f994f4ca,AR Berenger,ODI,6,6,53,115,7,0,6,0,0,0,0,0,1,0,0,0,8.833333333333334,46.08695652173913,,
f9a87783,KL Tucker,ODI,1,1,0,4,0,0,1,0,0,0,0,0,0,0,0,0,0.0,0.0,,
f9e6e7ef,Shahbaz Ahmed,ODI,3,1,0,4,0,0,1,3,156,125,3,0,1,0,0,0,0.0,0.0,41.666666666666664,4.8076923076923075
fa1aa7e7,D Langford-Smith,ODI,11,9,79,84,6,2,5,10,456,354,10,4,2,0,0,0,15.8,94.04761904761905,35.4,4.657894736842105
fa433be6,M Labuschagne,ODI,70,63,1966,2440,159,10,58,19,356,387,11,2,37,8,0,2,33.89655172413793,80.57377049180327,35.18181818181818,6.522471910112359
fa463154,AB Agarkar,ODI,68,37,352,552,26,6,37,65,3263,2719,100,32,10,4,0,1,9.513513513513514,63.76811594202898,27.19,4.999693533558075
fb0abc20,Haseeb Amjad,ODI,2,1,21,15,1,2,1,2,108,81,5,2,2,0,0,0,21.0,140.0,16.2,4.5
fb16f6e7,MQ Sheikh,ODI,3,2,6,21,0,0,2,0,0,0,0,0,0,0,0,0,3.0,28.57142857142857,,
fb2d1dda,N Rana,ODI,1,1,7,14,0,0,1,1,18,10,0,0,0,0,0,0,7.0,50.0,,3.3333333333333335
fb3e0d39,C Karunaratne,ODI,26,24,451,589,32,8,18,23,797,770,24,4,4,4,0,2,25.055555555555557,76.5704584040747,32.083333333333336,5.796737766624843
fb66ce1f,CH Morris,ODI,41,27,467,474,36,15,23,39,1858,1743,45,8,7,2,0,1,20.304347826086957,98.52320675105484,38.733333333333334,5.628632938643703
fbaa61d2,KO Otieno,ODI,19,18,250,595,29,4,18,0,0,0,0,0,16,2,4,0,13.88888888888889,42.016806722689076,,
fbb657bb,Babar Hayat,ODI,15,15,539,749,47,16,13,1,6,9,0,0,8,0,0,3,41.46153846153846,71.96261682242991,,9.0
fbc5b9e2,Akram Khan,ODI,2,2,57,102,3,0,2,0,0,0,0,0,1,0,0,0,28.5,55.88235294117647,,
fbc5c0c6,RDM Leverock,ODI,12,9,45,121,2,0,6,12,607,436,13,10,6,1,0,0,7.5,37.1900826446281,33.53846153846154,4.309719934102142
fbcfa528,T Munyonga,ODI,9,8,145,208,10,2,6,1,6,10,0,0,1,1,0,0,24.166666666666668,69.71153846153845,,10.0
fbdc8309,B Sharki,ODI,41,38,1034,1584,101,7,35,1,6,8,0,0,14,4,0,1,29.542857142857144,65.27777777777779,,8.0
fc2fffb5,Abdullah Shafique,ODI,26,26,679,899,62,17,24,0,0,0,0,0,14,1,0,0,28.291666666666668,75.52836484983315,,
fc4375ef,BFW de Leede,ODI,54,50,1336,1849,97,28,44,40,1480,1479,44,3,23,9,0,2,30.363636363636363,72.25527312060574,33.61363636363637,5.995945945945946
fc54ef7a,BB Seebaran,ODI,4,2,4,14,0,0,1,3,108,130,1,0,1,0,0,0,4.0,28.57142857142857,130.0,7.222222222222222
fc55ec67,MR Adair,ODI,49,34,448,421,34,21,21,47,2225,2139,61,19,18,1,0,0,21.333333333333332,106.41330166270784,35.0655737704918,5.76808988764045
fc5b1bcc,A Shamshudeen,ODI,1,1,3,30,0,0,1,1,18,24,0,0,0,0,0,0,3.0,10.0,,8.0
fcbf5a30,D Gough,ODI,39,13,137,198,12,1,7,38,1909,1456,54,23,7,0,0,1,19.571428571428573,69.1919191919192,26.962962962962962,4.576217915138816
fccf5309,PA Desai,ODI,4,1,2,12,0,0,0,4,180,115,6,3,0,0,0,0,,16.666666666666664,19.166666666666668,3.8333333333333335
fce581b5,Khushdil Shah,ODI,15,12,329,340,25,10,10,8,327,332,4,0,7,0,0,1,32.9,96.76470588235294,83.0,6.091743119266055
fd093ca9,PL Harris,ODI,3,0,0,0,0,0,0,3,180,83,3,3,2,0,0,0,,,27.666666666666668,2.7666666666666666
fd201eb4,Shahzaib Hasan,ODI,3,3,100,118,13,2,3,0,0,0,0,0,0,0,0,0,33.333333333333336,84.7457627118644,,
fd2bf2a0,Umar Akmal,ODI,117,108,3032,3626,257,48,93,0,0,0,0,0,74,16,13,6,32.60215053763441,83.61831218974076,,
fd483a3e,V Shetty,ODI,1,1,7,17,0,0,1,0,0,0,0,0,0,0,0,0,7.0,41.17647058823529,,
fd4afedb,N Ncube,ODI,1,0,0,0,0,0,0,1,53,69,3,1,0,0,0,0,,,23.0,7.811320754716981
fd67a507,DI Joyce,ODI,3,3,29,61,4,0,3,0,0,0,0,0,1,0,0,0,9.666666666666666,47.540983606557376,,
fd770945,BT Foakes,ODI,1,1,61,78,3,1,0,0,0,0,0,0,2,0,1,1,,78.2051282051282,,
fd7d703c,Adeeb Usmani,ODI,4,4,151,179,10,6,4,0,0,0,0,0,4,1,0,0,37.75,84.35754189944134,,
fd835ab3,DJ Hussey,ODI,67,59,1672,1912,122,24,53,37,778,684,17,1,29,5,0,1,31.547169811320753,87.44769874476988,40.23529411764706,5.275064267352185
fd8f11e9,JM How,ODI,36,33,939,1449,105,7,32,0,0,0,0,0,18,3,0,3,29.34375,64.80331262939958,,
fdac5295,JAH Marshall,ODI,6,6,33,84,2,0,6,0,0,0,0,0,0,1,0,0,5.5,39.285714285714285,,
fdb8ed0d,SD Parry,ODI,2,0,0,0,0,0,0,2,114,92,4,2,0,0,0,1,,,23.0,4.842105263157895
fdd414ab,Al Sahariar,ODI,6,6,44,102,5,1,6,0,0,0,0,0,2,1,0,0,7.333333333333333,43.13725490196079,,
fdedb37c,SM Katich,ODI,33,31,1041,1517,112,4,26,0,0,0,0,0,8,1,0,0,40.03846153846154,68.62228081740277,,
fdee4a01,Shoaib Khan,ODI,4,4,56,93,7,1,4,1,1,4,0,0,0,0,0,0,14.0,60.215053763440864,,24.0
fe11caa6,WP Saha,ODI,9,5,41,59,5,0,3,0,0,0,0,0,17,2,1,0,13.666666666666666,69.49152542372882,,
fe366f34,C Connolly,ODI,12,9,281,336,25,8,8,5,156,137,6,0,4,0,0,1,35.125,83.63095238095238,22.833333333333332,5.269230769230769
fe5175ce,Yasir Mohammad,ODI,7,2,5,20,0,0,2,7,252,242,7,1,1,0,0,0,2.5,25.0,34.57142857142857,5.761904761904762
fe763256,Y Venugopal Rao,ODI,13,8,161,257,12,2,7,0,0,0,0,0,6,0,0,0,23.0,62.64591439688716,,
fe93fd9d,RA Jadeja,ODI,207,137,2880,3466,209,55,89,199,10236,8364,225,56,74,20,0,11,32.359550561797754,83.09290248124638,37.17333333333333,4.902696365767878
feb37330,Moin Khan,ODI,17,15,274,318,21,3,10,0,0,0,0,0,16,1,3,0,27.4,86.16352201257862,,
fec50c96,SMA Priyanjan,ODI,23,20,420,533,47,3,18,14,265,233,5,1,7,1,0,0,23.333333333333332,78.79924953095684,46.6,5.275471698113208
fef92afc,SC Kuggeleijn,ODI,2,1,11,6,1,0,0,2,84,58,5,2,0,0,0,0,,183.33333333333331,11.6,4.142857142857143
ff014c34,HG Munsey,ODI,69,67,2557,2830,270,83,60,0,0,0,0,0,33,3,0,4,42.61666666666667,90.35335689045937,,
ff077124,Kamran Akmal,ODI,134,118,2746,3374,316,32,109,0,0,0,0,0,137,27,30,4,25.192660550458715,81.38707765263781,,
ff154ecd,JM Cox,ODI,3,3,22,57,2,0,3,0,0,0,0,0,1,0,0,0,7.333333333333333,38.59649122807017,,
ff1e12a0,AJ Turner,ODI,9,7,192,165,10,10,6,2,84,60,2,1,4,0,0,1,32.0,116.36363636363636,30.0,4.285714285714286
ff1ec94d,R Klein,ODI,14,10,38,85,1,0,9,13,603,494,11,6,2,1,0,0,4.222222222222222,44.70588235294118,44.90909090909091,4.91542288557214
ff3f6fc1,Mohammad Haris,ODI,6,5,30,36,2,1,4,0,0,0,0,0,5,1,2,0,7.5,83.33333333333334,,
ff6a7ab5,R Trumpelmann,ODI,53,41,510,655,34,21,33,51,2496,1950,75,33,14,4,0,2,15.454545454545455,77.86259541984732,26.0,4.6875
ffb504b1,XM Marshall,ODI,26,26,379,677,41,4,25,1,3,5,0,0,10,0,0,0,15.16,55.98227474150664,,10.0
ffe699c0,CJ Jordan,ODI,34,23,184,218,12,5,15,34,1622,1647,44,3,17,1,0,2,12.266666666666667,84.40366972477065,37.43181818181818,6.092478421701603
